module_id,module_title,concept_id,old_display_id,proposed_display_id,proposed_member_sequence,dependency_rank,ordering_rationale
gr.foundations_and_spacetime_geometry,GR-1 Foundations of Curved Spacetime,gr.equivalence_principle,GR 1.2,GR-1.1,10,0,dependency rank 0; stable topological order prefers authored member order
gr.foundations_and_spacetime_geometry,GR-1 Foundations of Curved Spacetime,gr.local_inertial_frame,GR 1.3,GR-1.2,20,1,dependency rank 1; stable topological order prefers authored member order
gr.foundations_and_spacetime_geometry,GR-1 Foundations of Curved Spacetime,gr.freely_falling_observer,GR 1.4,GR-1.3,30,2,dependency rank 2; stable topological order prefers authored member order
gr.foundations_and_spacetime_geometry,GR-1 Foundations of Curved Spacetime,gr.tidal_gravity,GR 1.5,GR-1.4,40,3,dependency rank 3; stable topological order prefers authored member order
gr.foundations_and_spacetime_geometry,GR-1 Foundations of Curved Spacetime,gr.gravity_as_geometry,GR 1.1,GR-1.5,50,4,dependency rank 4; stable topological order prefers authored member order
gr.foundations_and_spacetime_geometry,GR-1 Foundations of Curved Spacetime,gr.metric_tensor,GR 2.1,GR-1.6,60,2,dependency rank 2; stable topological order prefers authored member order
gr.foundations_and_spacetime_geometry,GR-1 Foundations of Curved Spacetime,gr.inverse_metric,GR 2.2,GR-1.7,70,3,dependency rank 3; stable topological order prefers authored member order
gr.foundations_and_spacetime_geometry,GR-1 Foundations of Curved Spacetime,gr.volume_element,GR 2.3,GR-1.8,80,3,dependency rank 3; stable topological order prefers authored member order
gr.foundations_and_spacetime_geometry,GR-1 Foundations of Curved Spacetime,gr.line_element,GR 3.1,GR-1.9,90,3,dependency rank 3; stable topological order prefers authored member order
gr.foundations_and_spacetime_geometry,GR-1 Foundations of Curved Spacetime,gr.proper_time,GR 3.2,GR-1.10,100,4,dependency rank 4; stable topological order prefers authored member order
gr.foundations_and_spacetime_geometry,GR-1 Foundations of Curved Spacetime,gr.null_curve,GR 3.3,GR-1.11,110,4,dependency rank 4; stable topological order prefers authored member order
gr.foundations_and_spacetime_geometry,GR-1 Foundations of Curved Spacetime,gr.causal_structure,GR 3.4,GR-1.12,120,5,dependency rank 5; stable topological order prefers authored member order
gr.foundations_and_spacetime_geometry,GR-1 Foundations of Curved Spacetime,gr.local_flatness,GR 3.5,GR-1.13,130,4,dependency rank 4; stable topological order prefers authored member order
gr.foundations_and_spacetime_geometry,GR-1 Foundations of Curved Spacetime,gr.metric_signature,GR 3.6,GR-1.14,140,0,dependency rank 0; stable topological order prefers authored member order
gr.connections_transport_and_motion,GR-2 Connections and Geodesics,gr.connection,GR 4.1,GR-2.1,10,0,dependency rank 0; stable topological order prefers authored member order
gr.connections_transport_and_motion,GR-2 Connections and Geodesics,gr.christoffel_symbols,GR 4.2,GR-2.2,20,1,dependency rank 1; stable topological order prefers authored member order
gr.connections_transport_and_motion,GR-2 Connections and Geodesics,gr.covariant_derivative,GR 4.3,GR-2.3,30,1,dependency rank 1; stable topological order prefers authored member order
gr.connections_transport_and_motion,GR-2 Connections and Geodesics,gr.metric_compatibility,GR 4.4,GR-2.4,40,2,dependency rank 2; stable topological order prefers authored member order
gr.connections_transport_and_motion,GR-2 Connections and Geodesics,gr.torsion_free_connection,GR 4.5,GR-2.5,50,1,dependency rank 1; stable topological order prefers authored member order
gr.connections_transport_and_motion,GR-2 Connections and Geodesics,gr.parallel_transport,GR 4.6,GR-2.6,60,1,dependency rank 1; stable topological order prefers authored member order
gr.connections_transport_and_motion,GR-2 Connections and Geodesics,gr.geodesic,GR 5.1,GR-2.7,70,2,dependency rank 2; stable topological order prefers authored member order
gr.connections_transport_and_motion,GR-2 Connections and Geodesics,gr.geodesic_equation,GR 5.2,GR-2.8,80,3,dependency rank 3; stable topological order prefers authored member order
gr.connections_transport_and_motion,GR-2 Connections and Geodesics,gr.geodesic_action,GR 5.3,GR-2.9,90,4,dependency rank 4; stable topological order prefers authored member order
gr.connections_transport_and_motion,GR-2 Connections and Geodesics,gr.four_velocity,GR 5.4,GR-2.10,100,0,dependency rank 0; stable topological order prefers authored member order
gr.connections_transport_and_motion,GR-2 Connections and Geodesics,gr.four_acceleration,GR 5.5,GR-2.11,110,2,dependency rank 2; stable topological order prefers authored member order
gr.connections_transport_and_motion,GR-2 Connections and Geodesics,gr.geodesic_deviation,GR 5.6,GR-2.12,120,3,dependency rank 3; stable topological order prefers authored member order
gr.curvature_and_gravitational_action,GR-3 Curvature and Gravitational Action,gr.riemann_tensor,GR 6.1,GR-3.1,10,0,dependency rank 0; stable topological order prefers authored member order
gr.curvature_and_gravitational_action,GR-3 Curvature and Gravitational Action,gr.ricci_tensor,GR 6.2,GR-3.2,20,1,dependency rank 1; stable topological order prefers authored member order
gr.curvature_and_gravitational_action,GR-3 Curvature and Gravitational Action,gr.ricci_scalar,GR 6.3,GR-3.3,30,2,dependency rank 2; stable topological order prefers authored member order
gr.curvature_and_gravitational_action,GR-3 Curvature and Gravitational Action,gr.einstein_tensor,GR 6.4,GR-3.4,40,3,dependency rank 3; stable topological order prefers authored member order
gr.curvature_and_gravitational_action,GR-3 Curvature and Gravitational Action,gr.bianchi_identity,GR 6.5,GR-3.5,50,1,dependency rank 1; stable topological order prefers authored member order
gr.curvature_and_gravitational_action,GR-3 Curvature and Gravitational Action,gr.curvature_invariants,GR 6.6,GR-3.6,60,2,dependency rank 2; stable topological order prefers authored member order
gr.curvature_and_gravitational_action,GR-3 Curvature and Gravitational Action,gr.einstein_hilbert_action,GR 8.3,GR-3.7,70,3,dependency rank 3; stable topological order prefers authored member order
gr.matter_and_einstein_equations,GR-4 Matter and Einstein Equations,gr.stress_energy_tensor,GR 7.1,GR-4.1,10,0,dependency rank 0; stable topological order prefers authored member order
gr.matter_and_einstein_equations,GR-4 Matter and Einstein Equations,gr.perfect_fluid,GR 7.2,GR-4.2,20,0,dependency rank 0; stable topological order prefers authored member order
gr.matter_and_einstein_equations,GR-4 Matter and Einstein Equations,gr.energy_conditions,GR 7.3,GR-4.3,30,1,dependency rank 1; stable topological order prefers authored member order
gr.matter_and_einstein_equations,GR-4 Matter and Einstein Equations,gr.covariant_conservation,GR 7.4,GR-4.4,40,1,dependency rank 1; stable topological order prefers authored member order
gr.matter_and_einstein_equations,GR-4 Matter and Einstein Equations,gr.equation_of_state,GR 7.5,GR-4.5,50,1,dependency rank 1; stable topological order prefers authored member order
gr.matter_and_einstein_equations,GR-4 Matter and Einstein Equations,gr.einstein_field_equations,GR 8.1,GR-4.6,60,2,dependency rank 2; stable topological order prefers authored member order
gr.matter_and_einstein_equations,GR-4 Matter and Einstein Equations,gr.cosmological_constant,GR 8.2,GR-4.7,70,0,dependency rank 0; stable topological order prefers authored member order
gr.matter_and_einstein_equations,GR-4 Matter and Einstein Equations,gr.stress_energy_variation,GR 8.4,GR-4.8,80,1,dependency rank 1; stable topological order prefers authored member order
gr.matter_and_einstein_equations,GR-4 Matter and Einstein Equations,gr.trace_reversed_equations,GR 8.5,GR-4.9,90,3,dependency rank 3; stable topological order prefers authored member order
gr.matter_and_einstein_equations,GR-4 Matter and Einstein Equations,gr.vacuum_field_equations,GR 8.6,GR-4.10,100,3,dependency rank 3; stable topological order prefers authored member order
gr.weak_field_and_classical_tests,GR-5 Weak-Field Gravity,gr.weak_field_metric,GR 9.1,GR-5.1,10,0,dependency rank 0; stable topological order prefers authored member order
gr.weak_field_and_classical_tests,GR-5 Weak-Field Gravity,gr.newtonian_limit,GR 9.2,GR-5.2,20,1,dependency rank 1; stable topological order prefers authored member order
gr.weak_field_and_classical_tests,GR-5 Weak-Field Gravity,gr.gravitational_redshift,GR 9.3,GR-5.3,30,1,dependency rank 1; stable topological order prefers authored member order
gr.weak_field_and_classical_tests,GR-5 Weak-Field Gravity,gr.light_deflection,GR 9.4,GR-5.4,40,0,dependency rank 0; stable topological order prefers authored member order
gr.weak_field_and_classical_tests,GR-5 Weak-Field Gravity,gr.perihelion_precession,GR 9.5,GR-5.5,50,1,dependency rank 1; stable topological order prefers authored member order
gr.weak_field_and_classical_tests,GR-5 Weak-Field Gravity,gr.post_newtonian_approximation,GR 9.6,GR-5.6,60,2,dependency rank 2; stable topological order prefers authored member order
gr.schwarzschild_geometry_and_black_holes,GR-6 Schwarzschild Black Holes,gr.schwarzschild_metric,GR 10.1,GR-6.1,10,0,dependency rank 0; stable topological order prefers authored member order
gr.schwarzschild_geometry_and_black_holes,GR-6 Schwarzschild Black Holes,gr.schwarzschild_radius,GR 10.2,GR-6.2,20,1,dependency rank 1; stable topological order prefers authored member order
gr.schwarzschild_geometry_and_black_holes,GR-6 Schwarzschild Black Holes,gr.event_horizon,GR 10.3,GR-6.3,30,1,dependency rank 1; stable topological order prefers authored member order
gr.schwarzschild_geometry_and_black_holes,GR-6 Schwarzschild Black Holes,gr.coordinate_singularity,GR 10.4,GR-6.4,40,0,dependency rank 0; stable topological order prefers authored member order
gr.schwarzschild_geometry_and_black_holes,GR-6 Schwarzschild Black Holes,gr.black_hole_singularity,GR 10.5,GR-6.5,50,1,dependency rank 1; stable topological order prefers authored member order
gr.schwarzschild_geometry_and_black_holes,GR-6 Schwarzschild Black Holes,gr.effective_potential_orbits,GR 10.6,GR-6.6,60,1,dependency rank 1; stable topological order prefers authored member order
math.m01_manifolds_and_coordinates,MATHS-1 Manifolds and Coordinates,math.manifold,M 1.1,MATHS-1.1,10,0,dependency rank 0; stable topological order prefers authored member order
math.m01_manifolds_and_coordinates,MATHS-1 Manifolds and Coordinates,math.coordinate_chart,M 1.2,MATHS-1.2,20,1,dependency rank 1; stable topological order prefers authored member order
math.m01_manifolds_and_coordinates,MATHS-1 Manifolds and Coordinates,math.coordinate_transformation,M 1.3,MATHS-1.3,30,2,dependency rank 2; stable topological order prefers authored member order
math.m01_manifolds_and_coordinates,MATHS-1 Manifolds and Coordinates,math.worldline,M 1.4,MATHS-1.4,40,1,dependency rank 1; stable topological order prefers authored member order
math.m01_manifolds_and_coordinates,MATHS-1 Manifolds and Coordinates,math.tangent_space,M 1.5,MATHS-1.5,50,1,dependency rank 1; stable topological order prefers authored member order
math.m01_manifolds_and_coordinates,MATHS-1 Manifolds and Coordinates,math.cotangent_space,M 1.6,MATHS-1.6,60,2,dependency rank 2; stable topological order prefers authored member order
math.m02_tensor_calculus,MATHS-2 Tensor Calculus,math.tensor_field,M 2.1,MATHS-2.1,10,0,dependency rank 0; stable topological order prefers authored member order
math.m02_tensor_calculus,MATHS-2 Tensor Calculus,math.index_notation,M 2.2,MATHS-2.2,20,1,dependency rank 1; stable topological order prefers authored member order
math.m02_tensor_calculus,MATHS-2 Tensor Calculus,math.tensor_transformation_law,M 2.3,MATHS-2.3,30,2,dependency rank 2; stable topological order prefers authored member order
sr.spacetime_foundations,SR-1 Spacetime and Lorentz Symmetry,sr.inertial_frames,1.1,SR-1.1,10,0,dependency rank 0; stable topological order prefers authored member order
sr.spacetime_foundations,SR-1 Spacetime and Lorentz Symmetry,sr.constancy_of_speed_of_light,1.2,SR-1.2,20,1,dependency rank 1; stable topological order prefers authored member order
sr.spacetime_foundations,SR-1 Spacetime and Lorentz Symmetry,sr.principle_of_relativity,1.3,SR-1.3,30,1,dependency rank 1; stable topological order prefers authored member order
sr.spacetime_foundations,SR-1 Spacetime and Lorentz Symmetry,sr.spacetime_event,2.2,SR-1.4,40,1,dependency rank 1; stable topological order prefers authored member order
sr.spacetime_foundations,SR-1 Spacetime and Lorentz Symmetry,sr.principle_of_locality,2.3,SR-1.5,50,2,dependency rank 2; stable topological order prefers authored member order
sr.spacetime_foundations,SR-1 Spacetime and Lorentz Symmetry,sr.metric_tensor,3.1,SR-1.6,60,0,dependency rank 0; stable topological order prefers authored member order
sr.spacetime_foundations,SR-1 Spacetime and Lorentz Symmetry,sr.spacetime_interval,3.2,SR-1.7,70,2,dependency rank 2; stable topological order prefers authored member order
sr.spacetime_foundations,SR-1 Spacetime and Lorentz Symmetry,sr.lorentz_transformations,3.3,SR-1.8,80,3,dependency rank 3; stable topological order prefers authored member order
sr.spacetime_foundations,SR-1 Spacetime and Lorentz Symmetry,sr.light_cone,3.4,SR-1.9,90,3,dependency rank 3; stable topological order prefers authored member order
sr.spacetime_foundations,SR-1 Spacetime and Lorentz Symmetry,sr.minkowski_diagram,3.5,SR-1.10,100,2,dependency rank 2; stable topological order prefers authored member order
sr.spacetime_foundations,SR-1 Spacetime and Lorentz Symmetry,sr.lorentz_invariance,11.1,SR-1.11,110,4,dependency rank 4; stable topological order prefers authored member order
sr.relativistic_mechanics,SR-2 Relativistic Particle Mechanics,sr.proper_time,4.1,SR-2.1,10,0,dependency rank 0; stable topological order prefers authored member order
sr.relativistic_mechanics,SR-2 Relativistic Particle Mechanics,sr.four_vectors,4.2,SR-2.2,20,0,dependency rank 0; stable topological order prefers authored member order
sr.relativistic_mechanics,SR-2 Relativistic Particle Mechanics,sr.position_four_vector,4.3,SR-2.3,30,0,dependency rank 0; stable topological order prefers authored member order
sr.relativistic_mechanics,SR-2 Relativistic Particle Mechanics,sr.velocity_four_vector,4.4,SR-2.4,40,1,dependency rank 1; stable topological order prefers authored member order
sr.relativistic_mechanics,SR-2 Relativistic Particle Mechanics,sr.momentum_four_vector,4.5,SR-2.5,50,2,dependency rank 2; stable topological order prefers authored member order
sr.relativistic_mechanics,SR-2 Relativistic Particle Mechanics,sr.mass_energy_equivalence,4.6,SR-2.6,60,3,dependency rank 3; stable topological order prefers authored member order
sr.variational_and_field_theory,SR-3 Action and Field Theory,sr.lagrangian,5.1,SR-3.1,10,0,dependency rank 0; stable topological order prefers authored member order
sr.variational_and_field_theory,SR-3 Action and Field Theory,sr.action_principle,5.2,SR-3.2,20,1,dependency rank 1; stable topological order prefers authored member order
sr.variational_and_field_theory,SR-3 Action and Field Theory,sr.euler_lagrange_equations,5.3,SR-3.3,30,2,dependency rank 2; stable topological order prefers authored member order
sr.variational_and_field_theory,SR-3 Action and Field Theory,sr.canonical_momentum,5.4,SR-3.4,40,1,dependency rank 1; stable topological order prefers authored member order
sr.variational_and_field_theory,SR-3 Action and Field Theory,sr.hamiltonian_formalism,5.5,SR-3.5,50,2,dependency rank 2; stable topological order prefers authored member order
sr.variational_and_field_theory,SR-3 Action and Field Theory,sr.scalar_field,6.1,SR-3.6,60,0,dependency rank 0; stable topological order prefers authored member order
sr.variational_and_field_theory,SR-3 Action and Field Theory,sr.vector_field,6.2,SR-3.7,70,0,dependency rank 0; stable topological order prefers authored member order
sr.variational_and_field_theory,SR-3 Action and Field Theory,sr.field_lagrangian,6.3,SR-3.8,80,2,dependency rank 2; stable topological order prefers authored member order
sr.variational_and_field_theory,SR-3 Action and Field Theory,sr.field_equations,6.4,SR-3.9,90,3,dependency rank 3; stable topological order prefers authored member order
sr.electromagnetic_structure_gauge_and_stress_energy,SR-4 Covariant Electromagnetism,sr.vector_potential,7.1,SR-4.1,10,0,dependency rank 0; stable topological order prefers authored member order
sr.electromagnetic_structure_gauge_and_stress_energy,SR-4 Covariant Electromagnetism,sr.field_tensor,7.2,SR-4.2,20,1,dependency rank 1; stable topological order prefers authored member order
sr.electromagnetic_structure_gauge_and_stress_energy,SR-4 Covariant Electromagnetism,sr.electric_field,7.3,SR-4.3,30,0,dependency rank 0; stable topological order prefers authored member order
sr.electromagnetic_structure_gauge_and_stress_energy,SR-4 Covariant Electromagnetism,sr.magnetic_field,7.4,SR-4.4,40,0,dependency rank 0; stable topological order prefers authored member order
sr.electromagnetic_structure_gauge_and_stress_energy,SR-4 Covariant Electromagnetism,sr.electromagnetic_field,7.5,SR-4.5,50,2,dependency rank 2; stable topological order prefers authored member order
sr.electromagnetic_structure_gauge_and_stress_energy,SR-4 Covariant Electromagnetism,sr.gauge_invariance,8.1,SR-4.6,60,3,dependency rank 3; stable topological order prefers authored member order
sr.electromagnetic_structure_gauge_and_stress_energy,SR-4 Covariant Electromagnetism,sr.minimal_coupling,8.3,SR-4.7,70,4,dependency rank 4; stable topological order prefers authored member order
sr.electromagnetic_structure_gauge_and_stress_energy,SR-4 Covariant Electromagnetism,sr.lorentz_force_law,8.4,SR-4.8,80,5,dependency rank 5; stable topological order prefers authored member order
sr.electromagnetic_structure_gauge_and_stress_energy,SR-4 Covariant Electromagnetism,sr.lorenz_gauge,8.6,SR-4.9,90,4,dependency rank 4; stable topological order prefers authored member order
sr.electromagnetic_structure_gauge_and_stress_energy,SR-4 Covariant Electromagnetism,sr.poynting_vector,9.2,SR-4.10,100,3,dependency rank 3; stable topological order prefers authored member order
sr.electromagnetic_structure_gauge_and_stress_energy,SR-4 Covariant Electromagnetism,sr.em_stress_energy,9.3,SR-4.11,110,2,dependency rank 2; stable topological order prefers authored member order
sr.electromagnetic_structure_gauge_and_stress_energy,SR-4 Covariant Electromagnetism,sr.em_energy_density,9.4,SR-4.12,120,3,dependency rank 3; stable topological order prefers authored member order
sr.electromagnetic_structure_gauge_and_stress_energy,SR-4 Covariant Electromagnetism,sr.gauge_fixing,11.2,SR-4.13,130,4,dependency rank 4; stable topological order prefers authored member order
sr.field_dynamics_conservation_and_radiation,SR-5 Field Dynamics and Radiation,sr.noether_theorem,5.6,SR-5.1,10,0,dependency rank 0; stable topological order prefers authored member order
sr.field_dynamics_conservation_and_radiation,SR-5 Field Dynamics and Radiation,sr.four_current,7.6,SR-5.2,20,0,dependency rank 0; stable topological order prefers authored member order
sr.field_dynamics_conservation_and_radiation,SR-5 Field Dynamics and Radiation,sr.maxwells_equations,7.7,SR-5.3,30,1,dependency rank 1; stable topological order prefers authored member order
sr.field_dynamics_conservation_and_radiation,SR-5 Field Dynamics and Radiation,sr.charge_conservation,8.5,SR-5.4,40,2,dependency rank 2; stable topological order prefers authored member order
sr.field_dynamics_conservation_and_radiation,SR-5 Field Dynamics and Radiation,sr.energy_momentum_tensor,9.1,SR-5.5,50,1,dependency rank 1; stable topological order prefers authored member order
sr.field_dynamics_conservation_and_radiation,SR-5 Field Dynamics and Radiation,sr.wave_equation,10.1,SR-5.6,60,2,dependency rank 2; stable topological order prefers authored member order
sr.field_dynamics_conservation_and_radiation,SR-5 Field Dynamics and Radiation,sr.electromagnetic_waves,10.2,SR-5.7,70,3,dependency rank 3; stable topological order prefers authored member order
sr.field_dynamics_conservation_and_radiation,SR-5 Field Dynamics and Radiation,sr.radiation_reaction,10.3,SR-5.8,80,4,dependency rank 4; stable topological order prefers authored member order
