id,display_id,label,layer,dominant_mnemonic,icon_design,detail_design,physics_idea,icon_labels,detail_labels,avoid,icon_caption,detail_caption
sr.principle_of_relativity,1.3,Principle of relativity,1,Identical laws in relatively moving inertial frames,"Simplify the detailed diagram to two identical S and S' coordinate frames plus one relative-velocity arrow v. Retain one matching internal straight test trace in each frame so the icon still says same experiment, same laws.","Design the detailed graphic first as two equal inertial laboratories S and S', each with the same x/y axes and the same simple internal experiment: a straight particle trace or identical ruler/tick marks. Put one clean relative-velocity arrow v between the laboratories. The two frames should look equally legitimate and equally detailed; only their relative motion differs.",The principle of relativity says the laws of physics have the same form in every inertial frame; uniform relative motion does not single out an absolute rest frame.,"S, S', x, y, v","S, S', x, y, v","Acceleration, forces, curved paths, engines, rockets, planets, clocks, or making one frame larger, richer, or more privileged than the other.",Two equal inertial frames and one relative-velocity arrow: the icon says neither frame is privileged.,"The same simple experiment works in both uniformly moving frames, so no inertial frame is physically privileged; only their coordinate descriptions differ."
sr.constancy_of_speed_of_light,1.2,Constancy of the speed of light,1,Same circular light wavefront for all inertial observers,"Simplify the detailed diagram to one central source, three concentric blue wavefronts, and two radial rays labelled c. The invariant circular wavefront is the icon.","Design the detailed graphic as a central light flash with expanding circular wavefronts, plus two or three small peripheral inertial-frame markers sampling the wavefront in different directions. Each marker should point radially to the same wavefront with a small c label, making the invariant speed the lesson. The observer markers are secondary; the circular wavefront remains central.","The constancy of the speed of light says light in vacuum has the same speed c for all inertial observers, independent of source or observer motion.",c,c,"Material media, mirrors, prisms, lenses, stars, rockets, detailed people, or anything suggesting direction-dependent or observer-dependent light speed.",Concentric wavefronts and repeated c labels: light speed is the same in different directions.,"A flash expands as circular wavefronts; every inertial marker measures the same speed c, so space and time coordinates must adjust together."
sr.inertial_frames,1.1,Inertial frames,1,Free particle moves in a straight line at constant velocity,"Simplify the detailed diagram to one x/y frame, a straight green particle track, equally spaced dots, and a velocity arrow v.",Design the detailed graphic as a coordinate frame containing a free particle shown at several equally spaced positions along one straight line. Add faint equal-time tick marks perpendicular to the track and a constant-velocity arrow v. The equal spacing and straightness are the teaching points: no force and no acceleration in an inertial frame.,An inertial frame is one in which a free particle moves with constant velocity unless acted on by forces.,"x, y, v","x, y, v","Gravitational fields, curved paths, circular motion, springs, engines, rockets, clocks, or force arrows.",A straight track with equal positions shows free motion at constant velocity.,"Equal spacings along a straight path show free motion: in an inertial frame, no force means constant velocity and no acceleration."
sr.spacetime_event,2.2,Spacetime event,2,One occurrence specified by where and when,"Simplify the detailed diagram to x/ct axes, one red event P, and faint coordinate projections. Place P away from any 45-degree line so it does not look lightlike or special.","Design the detailed graphic as a spacetime coordinate diagram with one red event P at an arbitrary non-45-degree location. Add dashed projections to x and ct axes and small coordinate-corner markers to show that an event is specified by both where and when. Keep it as a single occurrence, not a worldline or process.",A spacetime event is one occurrence specified by both position and time; different observers may assign coordinates to the same event.,"x, ct, P","x, ct, P","Worldlines, light cones, multiple events, clocks, observers, equations, or placing P on a 45-degree light ray unless lightlike separation is the topic.",One red point marks a single spacetime event with x and ct coordinates.,An event is one occurrence at one place and one time; projections show how a chosen frame assigns its x and ct coordinates.
sr.principle_of_locality,2.3,Principle of locality,2,Interactions use only nearby quantities at one event,"Simplify the detailed diagram to faint x/ct axes, a dashed local neighbourhood, a central red event, and several short arrows ending at that event.","Design the detailed graphic as a central event inside a small dashed neighbourhood, with short arrows from nearby field values or neighbouring events terminating at the central event. Add one faint unconnected distant dot outside the neighbourhood to show what is not allowed: instantaneous distant action. The active arrows must all be short and local.","The principle of locality says physical interactions at an event depend on quantities defined at that event or infinitesimally nearby, not on instantaneous distant action.","x, ct","x, ct","Instantaneous long-distance action, distant force arrows, planets, magnets, or particles acting across empty space.",Short arrows meet at one event inside a local neighbourhood.,"Locality means the event is determined by information in its immediate neighbourhood, not by signals or forces jumping in from distant points."
sr.lorentz_transformations,3.3,Lorentz transformations,3,Same event described by tilted coordinate frames,"Simplify the detailed diagram to black x/ct axes, blue tilted x'/ct' axes, and one red event P. Keep the tilted primed axes as the icon silhouette.","Design the detailed graphic as one spacetime diagram containing unprimed x/ct axes and tilted primed x'/ct' axes sharing the same origin. Place a red event P at a generic non-45-degree location. Add dashed projection lines from P to both coordinate systems, showing that the same event receives different coordinate descriptions. Add very faint light-cone guide lines through the origin only if they help show preserved structure without dominating.",Lorentz transformations do not move the physical event; they change the coordinate description between inertial frames while preserving spacetime structure.,"x, ct, x', ct', P","x, ct, x', ct', P","Letting light-cone guides dominate, full equations, clocks, observers, rockets, or placing P on a 45-degree light ray.",Tilted primed axes and unprimed axes describe the same event P.,"Lorentz transformations change coordinate axes and component values, but the physical event P is the same spacetime occurrence for both frames."
sr.spacetime_interval,3.2,Spacetime interval,3,Invariant classification of separations,Simplify the detailed diagram to two red events A and B connected by one bold blue interval segment labelled s^2. Use a non-45-degree separation for the icon.,"Design the detailed graphic as a spacetime diagram with a central event O and three example separations: a timelike interval inside the light cone labelled s^2 > 0, a spacelike interval outside the light cone labelled s^2 < 0, and a lightlike interval on the cone labelled s^2 = 0. Use light-cone guide lines and make the three classifications visually distinct. The timelike/spacelike example points should be deliberately away from accidental 45-degree placement.","The spacetime interval is the invariant separation between events; its sign classifies timelike, spacelike, and lightlike relationships independent of coordinate description.","x, ct, A, B, s^2","x, ct, s^2 > 0, s^2 < 0, s^2 = 0","Making coordinate projection legs more prominent than the invariant separations, writing the full interval formula, or accidentally placing arbitrary event pairs on 45-degree light rays.",Two events joined by s^2 represent an invariant spacetime separation.,"The interval classifies separations between events; timelike, spacelike, and lightlike cases remain the same for every inertial observer."
sr.metric_tensor,3.1,Metric tensor,3,Metric as the spacetime measuring rule,"Simplify the detailed diagram to an eta tile applied to x/ct axes, with one blue time-like mark and one grey space-like mark.","Design the detailed graphic as an actual compact 4x4 diagonal Minkowski metric matrix labelled eta_mu_nu, with +1 in the time slot and -1 entries in the three spatial slots. Pair it with a small spacetime-axis inset showing a blue time-like component and grey space-like component being measured by the matrix. The matrix should be readable in the panel but reducible to the eta tile in the icon.",The metric tensor is the rule that turns coordinate components into invariant spacetime lengths and inner products. It distinguishes the time direction from space directions.,"ct, x, eta","eta_mu_nu, +1, -1, ct, x","A dense derivation, tensor-index clutter beyond the metric label, or anything that looks like an ordinary Euclidean ruler with all directions equivalent.",The eta tile and time/space marks indicate the metric as a measuring rule.,The metric is the spacetime measuring rule: it weights time and space differently so observers agree on invariant intervals.
sr.light_cone,3.4,Light cone,3,Causal boundary from one event,Simplify the detailed diagram to one central red event and four 45-degree blue light rays forming future and past cones on x/ct axes.,"Design the detailed graphic as a pure spacetime diagram with one central event, future and past light-cone boundaries, lightly shaded future/past causal regions, and clearly separate spacelike side regions. Add small labels such as future, past, or c only if they remain unobtrusive. This is the concept where 45-degree lines are intentional and should dominate.",The light cone divides spacetime into causally reachable and spacelike-separated regions.,"ct, x","ct, x, c, future, past","Extra worldlines, multiple arbitrary events, tilted coordinate frames, or visual clutter. This one should remain geometrically pure.",Four 45-degree rays form the causal light cone from one event.,"Light-cone boundaries mark paths moving at c; inside them events can be causally connected, while outside is spacelike separated."
sr.minkowski_diagram,3.5,Minkowski diagram,3,Spacetime plotting board with worldlines,"Simplify the detailed diagram to x/ct axes with three worldlines: black vertical rest line, green slanted massive-particle line, and one blue 45-degree light ray labelled c.","Design the detailed graphic as a working spacetime plot: x/ct axes, faint grid, a vertical rest worldline, a slanted sub-light massive-particle worldline, and one 45-degree light ray labelled c. Add arrowheads upward in time and a couple of event dots on the worldlines. Ensure the massive-particle line is visibly not at 45 degrees so it is not confused with light.","A Minkowski diagram is the visual tool for comparing events, worldlines, light propagation, and relative motion in spacetime.","x, ct, c","x, ct, c","Making it look like the light-cone graphic. Use one light ray, not the full cone; avoid placing massive-particle worldlines at 45 degrees.","A Minkowski plot combines a rest line, a massive-particle line, and a light ray.","A Minkowski diagram is a spacetime map: vertical, tilted, and lightlike worldlines let you compare rest, motion, and light propagation."
sr.proper_time,4.1,Proper time,4,Clock ticks accumulated along a worldline,Simplify the detailed diagram to one non-lightlike worldline from A to B with short tick marks along it and label tau. Keep coordinate-time projection out of the icon unless there is room.,"Design the detailed graphic as a spacetime diagram with two events A and B joined by a timelike worldline that is deliberately not at 45 degrees. Draw several small clock ticks along the worldline and a faint vertical coordinate-time projection on the ct axis, so the contrast is between elapsed proper time along the path and coordinate time in a chosen frame. If a second faint alternative path is included, keep it secondary and use it only to show path dependence of proper time.","Proper time is the invariant time measured by a clock travelling along a particular worldline between events. It belongs to the path, not to one observer's coordinate time alone.","A, B, tau","x, ct, A, B, tau, t","A free-floating clock face, making coordinate time look invariant, excessive competing paths, or placing the worldline at 45 degrees unless discussing light where proper time vanishes.",Ticks along a timelike worldline represent accumulated proper time tau.,Proper time is the time carried by a clock along its own timelike path; coordinate time is a frame-dependent comparison.
sr.four_vectors,4.2,Four-vectors,4,One spacetime object with four linked components,"Simplify the detailed diagram to one spacetime arrow A^mu and a compact four-slot component stack. The icon should read as one object, not four independent arrows.","Design the detailed graphic as a spacetime arrow A^mu drawn from an origin to a generic event-like point away from 45 degrees, with dashed time and space projections feeding into a grouped four-component column. Add a small invariant-length marker or metric tile nearby to show that the components belong to one Lorentz-transforming object with a shared invariant structure.",A four-vector is one geometric object whose components transform together under Lorentz transformations while preserving invariant inner products.,A^mu,"x, ct, A^mu, A^0, A^i","A dense component equation, ordinary 3D perspective, four unrelated arrows, or placing the example arrow accidentally on a lightlike 45-degree direction.",One spacetime arrow and a component column represent a single four-vector.,A four-vector is one spacetime object with linked components; Lorentz transformations reshuffle the components without changing the underlying object.
sr.position_four_vector,4.3,Position four-vector,4,Event position packaged as a four-vector from the origin,"Simplify the detailed diagram to x/ct axes, one red event P away from 45 degrees, and one blue arrow x^mu from the origin to P.","Design the detailed graphic as a spacetime coordinate diagram with an origin event O, an arbitrary event P at a non-45-degree location, and a bold arrow x^mu from O to P. Add dashed projections to ct and x axes and a small component stack (ct, x, y, z) to show the event coordinates packaged as one four-vector. The coordinate projections are explanatory; the origin-to-event vector is central.",The position four-vector packages the spacetime coordinates of one event into a four-vector; differences of such vectors determine intervals.,"x, ct, P, x^mu","O, P, x^mu, ct, x","Multiple events as the main focus, velocity or momentum arrows, full coordinate algebra, or placing P on a 45-degree light ray.",The position four-vector points from the origin event O to event P.,"The position four-vector x^mu packages the coordinates of event P relative to origin O, making event location a spacetime vector."
sr.velocity_four_vector,4.4,Velocity four-vector,4,Tangent to a timelike worldline per unit proper time,"Simplify the detailed diagram to a curved timelike worldline, one red event, and a green tangent arrow u^mu at that event.",Design the detailed graphic as a timelike worldline in x/ct with two nearby tick marks labelled tau and tau + d tau. At the central event draw a bold tangent vector u^mu that points inside the light cone and is not at 45 degrees. Add a faint dx^mu displacement between neighbouring points to imply u^mu = dx^mu/dtau without making the equation dominate.,"The velocity four-vector is the derivative of position four-vector with respect to proper time, so it is naturally shown as a tangent to the worldline.",u^mu,"x, ct, u^mu, dx^mu, d tau","A horizontal ordinary velocity arrow, speedometer imagery, making acceleration curvature the main topic, or drawing the tangent as lightlike at 45 degrees for a massive particle.",A green tangent vector at a worldline event represents four-velocity.,Four-velocity u^mu is tangent to a timelike worldline and measures change of position four-vector per unit proper time.
sr.momentum_four_vector,4.5,Momentum four-vector,4,Energy and momentum as one timelike four-vector,Simplify the detailed diagram to one bold p^mu arrow with a split badge showing E/c as the time component and p as the space component.,"Design the detailed graphic as a timelike four-vector p^mu in spacetime, paired with a compact component badge whose upper slot is E/c and lower spatial slot is bold p. Add a faint parallel u^mu arrow behind it and a small mass marker m to suggest p^mu = m u^mu for a massive particle. The p^mu arrow should sit inside the light cone rather than on a 45-degree light ray.","The momentum four-vector combines energy and three-momentum into one relativistic object, proportional to the velocity four-vector for a massive particle.","p^mu, E/c, p","p^mu, E/c, p, m, u^mu","A Newtonian-only momentum arrow, separate unrelated energy and momentum icons, a long equation, or drawing massive momentum as lightlike.",The four-momentum arrow combines energy and spatial momentum.,Four-momentum p^mu packages energy and spatial momentum together; for a massive particle it points with the four-velocity u^mu.
sr.mass_energy_equivalence,4.6,Mass-energy equivalence,4,Rest energy equals mass times c squared,"Simplify the detailed diagram to the iconic equation E=mc^2 in a bold equation tile, with rest energy as a secondary cue.","Design the detailed graphic as a large E=mc^2 equation tile connected to a compact invariant-norm relation p_mu p^mu = m^2 c^2 and a rest-frame note p=0. The equation should remain the visual center, with the derivation cue explaining that it comes from the four-momentum norm.",Mass-energy equivalence is the rest-frame consequence of the relativistic energy-momentum relation.,E=mc^2,"E=mc^2, p_mu p^mu = m^2 c^2, p=0","A generic explosion, nuclear imagery as the main motif, implying total energy is always just mc^2, or separating mass and energy as unrelated quantities.",The iconic equation marks rest energy as mass times c squared.,"Rest mass is stored energy: in the rest frame, the invariant four-momentum relation becomes E=mc^2."
sr.action_principle,5.2,Action principle,5,Physical history selected by stationary action,"Simplify the detailed diagram to endpoints A and B, one bold blue stationary path labelled S, and two faint nearby varied paths.","Design the detailed graphic as fixed endpoints A and B with a family of nearby varied paths between them. The physical path is highlighted in blue and labelled stationary S, while grey neighbouring paths carry small variation arrows delta x toward it. Add a subtle flat-bottom or level contour cue near S to communicate stationary rather than shortest. The image should feel like variation of histories, not a maze.",The action principle says the physical path is the one for which the action is stationary under small variations with fixed endpoints.,"A, B, S","A, B, S, delta x","A maze, tangled spaghetti paths, force arrows, or any minimum-distance cue that erases the stationary-not-necessarily-shortest idea.",A highlighted path between fixed endpoints is compared with nearby variations.,The physical path is the one whose action is stationary: small fixed-endpoint variations make no first-order change in S.
sr.lagrangian,5.1,Lagrangian,5,Local dynamical rule accumulated into action,Simplify the detailed diagram to a short trajectory with one highlighted local tile L feeding into a larger action tile S.,"Design the detailed graphic as a path or field-history strip carrying several small local L tiles along it, each representing the Lagrangian evaluated locally. Use arrows from those tiles into an integral/action container S, optionally marked integral L dt, to show accumulation into the action. Keep it visually local-to-global and distinct from phase-space Hamiltonian pictures.",The Lagrangian is the local dynamical quantity whose integral over a path gives the action used in the variational principle.,"L, S","L, S, integral L dt","A full formula for L, Hamiltonian q/p axes, energy-conservation imagery, or making L look like a conserved quantity.",Local Lagrangian tiles accumulate into the action S.,The Lagrangian is the local rule assigned along a history; adding it up through time gives the action S.
sr.euler_lagrange_equations,5.3,Euler-Lagrange equations,5,Stationary variation becoming equations of motion,"Simplify the detailed diagram to a blue path, a nearby varied path with delta mark, and an arrow into an E-L equation tile.","Design the detailed graphic as a three-stage flow: fixed endpoints with varied paths, a central stationary-action condition delta S = 0, and a clean trajectory emerging from an Euler-Lagrange tile. The E-L tile can contain a compact label rather than the full differential equation. The viewer should read variation first, equation second, motion third.",Euler-Lagrange equations are the equations of motion obtained by requiring the action to be stationary under variations of the path or field.,"delta, E-L","A, B, delta S = 0, E-L","Writing the full differential equation as the main graphic, cluttered calculus notation, generic balance scales, or losing the fixed-endpoint variation idea.",A varied path leads to an Euler-Lagrange equation tile.,"Fixed-endpoint variations of the path impose delta S = 0, which turns the action principle into the Euler-Lagrange equations."
sr.hamiltonian_formalism,5.5,Hamiltonian formalism,5,Time evolution as flow through phase space,"Simplify the detailed diagram to q and p axes, one curved phase-space trajectory with arrowheads, and a compact H tile.","Design the detailed graphic as a phase-space portrait with q horizontal and p vertical, one or two Hamiltonian contour curves, and a green flow line with several arrowheads generated by H. Include a small H tile or contour label. Make the visual vocabulary clearly phase-space, not spacetime: no ct axis and no worldlines.","Hamiltonian formalism rewrites dynamics in terms of coordinates and canonical momenta, with the Hamiltonian generating flow through phase space.","q, p, H","q, p, H","Spacetime x/ct axes, Lagrangian path variations, Legendre-transform algebra, or a single particle track with no phase-space meaning.",A curve in q-p phase space is generated by H.,"Hamiltonian mechanics describes dynamics as flow in q-p phase space, where H generates time evolution of coordinates and momenta."
sr.canonical_momentum,5.4,Canonical momentum,5,Momentum paired with a coordinate through the Lagrangian,Simplify the detailed diagram to a q coordinate mark with its paired p arrow and a small L-to-p cue.,"Design the detailed graphic as a coordinate q on a configuration axis with velocity qdot indicated locally, an L tile that depends on qdot, and an arrow from L through a compact derivative tag dL/dqdot into the conjugate momentum p. Pair q and p visually as canonical partners while keeping p distinct from relativistic four-momentum.","Canonical momentum is the momentum conjugate to a coordinate, defined from how the Lagrangian depends on the corresponding velocity.","q, p","q, qdot, L, dL/dqdot, p","Relativistic four-momentum as the main image, a simple free-particle track, a full partial-derivative formula, or phase-space flow that belongs to Hamiltonian formalism.",The coordinate q is paired with a conjugate momentum p.,Canonical momentum p is paired with coordinate q because it comes from how the Lagrangian depends on q's velocity.
sr.noether_theorem,5.6,Noether's theorem,5,Continuous symmetry producing conserved quantity,Simplify the detailed diagram to a circular symmetry arrow around S pointing to a gold conserved Q badge.,"Design the detailed graphic as a continuous symmetry transformation acting on the action S, shown by a smooth circular or sliding arrow, with the transformed action still marked unchanged. From that unchanged-action badge draw a clear implication arrow to a locked conserved quantity Q. Optionally include one tiny example token such as time shift to energy, but only if it does not crowd the theorem graphic.","Noether's theorem links every continuous symmetry of the action to a conserved quantity, such as energy, momentum, or charge.","S, Q","S unchanged, Q conserved","A generic theorem scroll, too many examples, discrete-only symmetry imagery, or making conservation appear without the symmetry-to-action link.",A continuous symmetry of S points to a conserved Q.,"Noether's theorem links symmetry to conservation: if a smooth transformation leaves S unchanged, a corresponding quantity Q is conserved."
sr.scalar_field,6.1,Scalar field,6,One value assigned to each spacetime point,Simplify the detailed diagram to an x/ct grid with several filled discs of varying size or colour labelled phi.,"Design the detailed graphic as a spacetime grid with field values phi(x) sampled at many events. Each sample is non-directional: use coloured discs, heights, or contour shading, varying smoothly across the grid. Include one highlighted event with its scalar value callout phi(x0). The absence of arrows is part of the lesson.",A scalar field assigns one observer-independent value to every spacetime event; it is a function over spacetime rather than a single particle coordinate.,phi,"x, ct, phi(x), phi(x0)","Vector arrows, flow lines, particle tracks, or any cue implying a direction at each point.",Different-sized discs show one scalar value at each spacetime point.,A scalar field assigns one number phi(x) to every spacetime point; the value can vary from point to point but has no direction.
sr.vector_field,6.2,Vector field,6,A vector attached to every spacetime point,Simplify the detailed diagram to an x/ct grid with several blue arrows anchored at grid points and labelled A_mu.,"Design the detailed graphic as a spacetime grid whose events each carry an anchored vector arrow A_mu(x). Let arrow directions and lengths vary smoothly across the grid, and show faint anchor dots underneath so the field reads as many local vectors, not one free vector. A small component stack at one event may clarify that each arrow has components.","A vector field assigns vector components to every spacetime event, transforming covariantly under Lorentz transformations.",A_mu,"x, ct, A_mu(x)","A single isolated four-vector, scalar dots only, fluid-flow imagery without spacetime anchors, or arrows detached from events.",Anchored arrows show a vector attached to each spacetime point.,"A vector field assigns a vector such as A_mu(x) at each event, so both size and direction can vary across spacetime."
sr.field_lagrangian,6.3,Field Lagrangian,6,Local density over spacetime accumulated into field action,Simplify the detailed diagram to one irregular spacetime region labelled with an integral of the Lagrangian density feeding into an action tile S.,"Design the detailed graphic as an irregular spacetime integration region on an x/ct grid, with several local density samples labelled mathcal L inside it and a central integral cue. Use an arrow from the whole region into an action tile S, showing that field action accumulates local density over spacetime volume rather than along a particle path.",A field Lagrangian is a local density at spacetime points whose integral over spacetime gives the action for fields.,"L, S","mathcal L, S, d4x","Particle path action as the main motif, phase-space q/p axes, or a full field-theory formula.",An irregular spacetime region integrates Lagrangian density into the action S.,"Field action integrates a Lagrangian density over a spacetime region, replacing a particle path with local field values everywhere."
sr.field_equations,6.4,Field equations,6,Local differential rule propagating field values,"Simplify the detailed diagram to a spacetime grid, one central highlighted field value, neighbour arrows into it, and a compact field-eq tile.","Design the detailed graphic as a local stencil on a spacetime grid: neighbouring field values feed a central event through short arrows, then an equation tile produces the next layer of field values or a smooth wavefront. This should communicate local differential evolution. Use generic phi or field labels rather than Maxwell-specific E and B.","Field equations are local differential equations for fields, obtained by applying Euler-Lagrange variation to the field Lagrangian.",field eq,"x, ct, phi, field eq","One particle trajectory, Maxwell-specific notation as the main image, a long differential equation, or nonlocal arrows from distant points.",Neighbouring field values feed a local field-equation tile.,Field equations are local update rules: neighbouring field values and derivatives determine how the field changes and propagates.
sr.vector_potential,7.1,Vector potential \(A_\mu\),7,Potential field whose derivatives make electromagnetic field,Simplify the detailed diagram to a spacetime grid with several A_mu arrows and a small derivative arrow toward an F tile.,"Design the detailed graphic as a vector field A_mu(x) on a spacetime grid, with a highlighted local patch where neighbouring A arrows are compared by derivative/curl marks. Feed that local derivative operation into a compact F_mu_nu tile. The potential field remains visually primary; F is the constructed observable object.",The vector potential is a relativistic vector field defined at each event; the observable electromagnetic field is derived from its spacetime derivatives.,A_mu,"A_mu, partial A, F_mu_nu","Electric and magnetic fields as the main image, gauge-fixing selectors, scalar-potential-only imagery, or implying A_mu itself is directly unique and observable.",A vector-potential field feeds a derivative operation to produce F.,The vector potential A_mu is not the field itself; local derivatives of A_mu combine to form the electromagnetic tensor F_mu_nu.
sr.field_tensor,7.2,Field tensor \(F_{\mu\nu}\),7,Antisymmetric tensor containing electric and magnetic fields,Simplify the detailed diagram to a bold antisymmetric F_mu_nu tile with opposite off-diagonal cells shaded and small E/B cues.,"Design the detailed graphic as a readable 4x4 antisymmetric matrix-like tile labelled F_mu_nu, with zero diagonal hinted, opposite off-diagonal signs paired, and coloured component groups mapping to E and B. Add small outgoing E arrows and B loop glyphs from the relevant matrix regions. The matrix should teach unification without becoming a dense component table.",The electromagnetic field tensor is an antisymmetric covariant object built from derivatives of A_mu and containing the electric and magnetic field components.,F_mu_nu,"F_mu_nu, E, B","Separate unrelated E and B pictures, a generic square grid with no antisymmetry cue, or a fully written component matrix too small to read.",An F tensor badge contains electric and magnetic component cues.,The field tensor F_mu_nu packages electric and magnetic components into one relativistic object rather than two unrelated fields.
sr.electric_field,7.3,Electric field,7,Radial force field on charges at rest,Simplify the detailed diagram to a positive charge with blue radial E arrows pointing outward.,"Design the detailed graphic as a positive source charge with radial electric field lines, plus a small positive test charge at rest and a force arrow aligned with the local E direction. If a negative source is hinted, keep it secondary. The key lesson is force per unit charge on a rest charge in the chosen frame.",The electric field is the component of the electromagnetic field that acts on charges at rest in a chosen inertial frame.,E,"E, q_test, F","Magnetic loops, moving-charge/current motifs, tensor notation as the main image, or field lines that swirl like B rather than radiating from charge.",Radial E arrows show the electric field of a positive charge.,The electric field tells a stationary positive test charge which direction it would be pushed at each point.
sr.magnetic_field,7.4,Magnetic field,7,Circulating field tied to moving charges and currents,Simplify the detailed diagram to a current arrow or moving charge with green circular B arrows around it.,Design the detailed graphic as a straight current or moving charge with concentric circular magnetic field arrows around the direction of motion. Add a small moving test charge with a sideways deflection arrow to show magnetic action depends on motion. Keep the source motion/current visually explicit so B is not mistaken for a static-charge radial field.,"The magnetic field is the spatial component of the electromagnetic field associated with moving charges and currents, frame-dependent together with E.",B,"B, v, F","Radial electric field lines, static charge-only pictures, making B independent of motion, or replacing the concept with a full tensor diagram.",Circular B arrows wrap around a moving charge or current.,"Magnetic fields are tied to motion: currents or moving charges create circular B patterns, and moving test charges feel sideways forces."
sr.electromagnetic_field,7.5,Electromagnetic field,7,Unified relativistic field with E and B components,Simplify the detailed diagram to one central F_mu_nu badge with a blue E arrow and green B loop emerging from it.,"Design the detailed graphic as a single electromagnetic field tensor object F_mu_nu on a light spacetime grid, with E arrows and B loops shown as frame-dependent component projections of that one object. Include a subtle frame marker to imply E/B split depends on observer, while F remains the unified field.",The electromagnetic field unifies electric and magnetic fields in the field tensor; E and B are frame-dependent components of one relativistic object.,"F, E, B","F_mu_nu, E, B, frame","Two disconnected electric and magnetic diagrams, source charges as the focus, Maxwell equations as the main graphic, or implying E and B are independent fields.",One F object gives rise to E and B component views.,The electromagnetic field is the single tensor F_mu_nu; electric and magnetic fields are frame-dependent views of that object.
sr.maxwells_equations,7.7,Maxwell's equations,7,"Local equations linking sources, fields, and waves","Simplify the detailed diagram to a source four-current J feeding a field tensor F, with a small outgoing wavefront.","Design the detailed graphic as a local spacetime patch where charge-current J_mu feeds into a compact Maxwell operator acting on F_mu_nu, producing both nearby field lines and a propagating wavefront. Use a small partial symbol to show locality, but do not write the full equations. The composition should read source -> local field law -> propagation.",Maxwell's equations locally relate electromagnetic fields to charge-current sources and imply propagating electromagnetic waves.,"J, F","J_mu, partial, F_mu_nu, wave","Four separate textbook panels, full differential equations, only a static charge field, or a wave picture with no source/law relation.","A source J feeds a field F, with outgoing wave marks.",Maxwell's equations are local rules linking charge-current sources J to electromagnetic fields and explaining how disturbances propagate as waves.
sr.lorenz_gauge,8.6,Lorenz gauge,8,Covariant divergence condition selecting a convenient potential,"Simplify the detailed diagram to A_mu arrows passing through a Lorenz gauge filter and emerging as one cleaner A_mu, with a small partial dot A = 0 tag.","Design the detailed graphic as a before/after potential-field panel: several gauge-equivalent A_mu patterns enter a covariant gauge selector labelled partial_mu A^mu = 0, and one clean representative exits. Keep a faint unchanged F_mu_nu tile behind both sides to show the physical electromagnetic field is not changed. The word Lorenz should be spelled distinctly from Lorentz.",The Lorenz gauge is a covariant condition on the vector potential that simplifies Maxwell's equations without changing the physical electromagnetic field.,A_mu,"A_mu, partial_mu A^mu = 0, F_mu_nu","Confusing Lorenz gauge with Lorentz transformations, changing F, or making the gauge condition look like a new force law.",Potential representatives pass through a Lorenz gauge selector.,"Lorenz gauge is a convenient condition, partial_mu A^mu = 0, selecting one potential description without changing the physical field."
sr.gauge_invariance,8.1,Gauge invariance,8,Equivalent potentials producing the same physical field,"Simplify the detailed diagram to two A_mu representatives connected by a Lambda gauge arrow, both pointing to the same F tile.","Design the detailed graphic as two potential representatives A_mu and A_mu + partial_mu Lambda on parallel lanes, joined by a gauge-transformation arrow labelled Lambda. Both representatives feed into one identical F_mu_nu tile, which is visually locked or highlighted as unchanged. The same-field endpoint is the teaching focus.",Gauge invariance is the freedom to change the vector potential by a gauge transformation without changing the physical electromagnetic field.,"A_mu, F","A_mu, Lambda, A_mu + dLambda, F_mu_nu","Changing F, making the gauge transformation look like a Lorentz coordinate transformation, or using only abstract symmetry arrows with no potential.",Two gauge-related potentials point to the same F.,"Gauge invariance means different potentials, such as A_mu and A_mu + partial_mu Lambda, can describe the same electromagnetic field."
sr.four_current,7.6,Four-current,7,Charge density and current density as one source four-vector,Simplify the detailed diagram to a J^mu badge split into rho on the time side and J on the space side.,"Design the detailed graphic as a spacetime source field: charge-density dots in a small volume and current arrows flowing through it, packaged into one four-vector badge J^mu with rho c as the time component and J as the spatial component. Add a small axis inset to show it is a relativistic source object.",The four-current combines charge density and current density into one relativistic source four-vector for electromagnetism.,"J^mu, rho, J","J^mu, rho c, J, x, ct","A plain electric source charge only, separate unrelated charge and current icons, fluid flow without relativistic packaging, or too much continuity-equation detail.",A J^mu badge combines charge density and current.,The four-current J^mu packages charge density and current flow into one relativistic source for the electromagnetic field.
sr.minimal_coupling,8.3,Minimal coupling,8,Free momentum replaced by gauge-covariant momentum,Simplify the detailed diagram to p entering a coupling node with A_mu and exiting as p - eA.,"Design the detailed graphic as a free charged-particle line with momentum p entering a region carrying vector-potential arrows A_mu. Through a coupling node labelled e, the outgoing canonical/kinetic combination is shown as p - eA or p_mu - e A_mu. Add a faint gauge-covariant path cue so the image reads interaction through the potential rather than an ordinary force push.",Minimal coupling introduces electromagnetic interaction by replacing ordinary momentum with a gauge-covariant combination involving the vector potential.,"p, A_mu, p-eA","p_mu, A_mu, e, p_mu - e A_mu","A generic force arrow, Maxwell equations, a long Lagrangian, or making A_mu look like a one-off external shove instead of a field-coupling rule.",Free momentum p enters an A-dependent coupling rule.,"Minimal coupling introduces electromagnetism by replacing free momentum with p_mu - e A_mu, so motion responds to the vector potential."
sr.lorentz_force_law,8.4,Lorentz force law,8,Field tensor and velocity changing particle momentum,"Simplify the detailed diagram to a charged particle path with velocity u, nearby F tile, and red momentum-change arrow dp.","Design the detailed graphic as a charged particle worldline with four-velocity u^mu passing through a local electromagnetic field tensor F_mu_nu. Draw an arrow from F and u into a red change in four-momentum dp^mu/dtau at the particle. If E/B hints are present, keep them secondary to the covariant F-u-to-dp structure.",The Lorentz force law gives the relativistic change of a charged particle's momentum due to the electromagnetic field tensor and its velocity.,"F, u, dp","q, F_mu_nu, u^mu, dp^mu/dtau","A Newtonian-only electric force picture, radiation reaction recoil, separate E and B diagrams as the main motif, or a force arrow disconnected from velocity.",A particle with velocity u in field F receives a momentum change dp.,"The Lorentz force law uses charge, field tensor, and four-velocity to determine the particle's momentum change dp^mu/dtau."
sr.charge_conservation,8.5,Charge conservation,8,Local continuity of charge and current,"Simplify the detailed diagram to a small spacetime box with charge dots and current arrows crossing the boundary, labelled J.",Design the detailed graphic as a local spacetime volume containing charge density rho and boundary current arrows J. Show a before/after or inflow/outflow balance with a compact continuity tag partial_mu J^mu = 0. The lesson is local bookkeeping: changes inside are exactly accounted for by current through the boundary.,Charge conservation is local bookkeeping: charge cannot appear or vanish; changes in density are balanced by current flow.,J,"rho, J, partial_mu J^mu = 0","A global battery icon, isolated static charge, charge disappearing, or conservation shown only as a whole-universe total with no local flux.",Charge dots leave a local box only through current arrows.,Charge conservation is local bookkeeping: changes of charge inside a volume must be balanced by current crossing its boundary.
sr.em_energy_density,9.4,Energy density of EM field,9,Local energy stored in electric and magnetic fields,Simplify the detailed diagram to one glowing field cell containing E and B glyphs plus a gold energy-density fill labelled u.,"Design the detailed graphic as a small grid of local electromagnetic field cells, each containing blue E and green B cues and a gold fill level representing energy density u. Highlight one cell with a callout u_EM while neighbouring cells show different fill levels. Keep this about stored local density, not transport.",The electromagnetic field carries local energy density built from electric and magnetic field strengths.,"u, E, B","u_EM, E, B","A battery, particle kinetic energy, Poynting-flow arrows as the main cue, or stress-tensor face arrows.",A field cell stores energy density u in E and B.,Electromagnetic energy density is stored locally in the field; stronger E and B values mean more energy in that spacetime cell.
sr.poynting_vector,9.2,Momentum density (Poynting vector),9,Energy-momentum flow from crossed E and B fields,Simplify the detailed diagram to crossed E and B arrows producing a bold gold S arrow.,"Design the detailed graphic as a local field region with E and B perpendicular glyphs at several points, each producing parallel Poynting arrows S in the propagation/flow direction. Add one compact cross-product cue E x B -> S if readable. The S arrows should clearly indicate energy-momentum flux, distinct from static energy density.",The Poynting vector represents the flow of electromagnetic energy and momentum carried by the field.,"E, B, S","E, B, S, E x B","Static energy-density cells, stress tensor grids, a generic wave with no E/B cross-product cue, or momentum flow detached from fields.",Crossed E and B arrows produce a Poynting vector S.,"The Poynting vector S points in the direction electromagnetic energy and momentum flow, set by the combined E and B fields."
sr.em_stress_energy,9.3,Stress-energy of EM field,9,"Electromagnetic density, flux, and stress in one tensor",Simplify the detailed diagram to a tensor block T_EM with E/B glyphs inside and arrows on its faces.,"Design the detailed graphic as an electromagnetic stress-energy tensor block T_EM with separate visual regions for energy density, Poynting flux, and stresses: gold fill inside, gold flow arrow through one face, and blue/green pressure or shear arrows on other faces. Include tiny E/B glyphs to identify the field source of the tensor.","The electromagnetic stress-energy tensor summarizes energy density, momentum flow, and mechanical stresses carried by the electromagnetic field.",T_EM,"T_EM, u, S, stress, E, B","Only an energy-density picture, only a Poynting vector, a full component matrix, or mechanical stress imagery with no electromagnetic origin.",A T_EM block combines field glyphs with face arrows.,"The electromagnetic stress-energy tensor collects field energy density, momentum flow, and stresses into one object that can be conserved and transported."
sr.energy_momentum_tensor,9.1,Energy--momentum tensor,9,Local density and flux of energy-momentum,"Simplify the detailed diagram to a T^munu tensor tile with one density cell and one flux cell highlighted, plus boundary arrows.","Design the detailed graphic as a spacetime volume with a nearby T^munu tile whose rows/columns are hinted as energy-momentum components. Arrows crossing the volume boundary show fluxes, while a compact partial_mu T^munu = 0 tag states local conservation. Keep it generic, not specifically electromagnetic, so it can cover matter and fields.","The energy-momentum tensor packages energy density, momentum density, fluxes, and stresses; its divergence expresses local conservation.",T^munu,"T^munu, partial_mu T^munu = 0","A purely electromagnetic E/B icon, a dense 4x4 matrix, global-only conservation imagery, or hiding the local flux-through-boundary idea.",A T^munu tile highlights density and flux cells.,The energy-momentum tensor records local density and flux of energy and momentum; zero divergence means local conservation.
sr.electromagnetic_waves,10.2,Electromagnetic waves,10,Coupled E and B oscillations propagating at light speed,Simplify the detailed diagram to blue E and green B sinusoidal waves travelling together with a gold propagation arrow c.,"Design the detailed graphic as a propagating electromagnetic wave packet with mutually perpendicular E and B oscillations, wavefront marks, a direction arrow labelled c, and a smaller Poynting arrow S in the same propagation direction. Use phase alignment and colour to show the fields are coupled parts of one wave.",Electromagnetic waves are self-propagating coupled electric and magnetic field oscillations travelling at light speed.,"E, B, c","E, B, c, S","A single scalar wave, water-wave imagery, source charges as the focus, or waves where E and B appear unrelated.",Coupled E and B waves propagate in the c direction.,"Electromagnetic waves are coupled E and B oscillations that sustain each other, propagate at c, and carry energy-momentum."
sr.wave_equation,10.1,Wave equation,10,Operator law producing propagating solutions,Simplify the detailed diagram to a box operator acting on A_mu and producing an outgoing sinusoidal wave.,"Design the detailed graphic as a compact differential-operator tile square/box acting on A_mu. Show two outputs: with source J_mu it links to a sourced disturbance, and in the source-free branch it produces a clean propagating wave. Keep the operator-to-solution relationship central and avoid writing a full PDE.","The wave equation describes how the potential or field propagates, with source terms producing waves and source-free regions supporting free propagation.","box, A_mu","box A_mu, J_mu, wave","A generic sine wave with no operator cue, Maxwell source law alone, dense differential notation, or a particle trajectory.",A wave operator acting on A produces a propagating wave.,"A wave equation is a local propagation rule: sources can create disturbances, while source-free regions support travelling wave solutions."
sr.radiation_reaction,10.3,Radiation reaction,10,Accelerating charge emits radiation and recoils,"Simplify the detailed diagram to an accelerating charge, outgoing wavefronts, and a small recoil arrow opposite emitted momentum.","Design the detailed graphic as a charged particle on a curved accelerated path, with outgoing electromagnetic wavefronts carrying a gold energy-momentum arrow away. Add a red recoil/back-reaction arrow on the charge and a slightly altered subsequent path. The viewer should see emission causes a self-effect, not just ordinary Lorentz-force deflection.",Radiation reaction is the back-reaction on an accelerating charge because emitted electromagnetic waves carry away energy and momentum.,"q, recoil","q, a, radiation, recoil","A stationary charge field, simple external Lorentz force, waves without recoil, or recoil with no emitted energy-momentum.",An accelerating charge emits waves and recoils.,"Radiation reaction is self-back-reaction: an accelerating charge emits waves that carry energy-momentum away, altering the charge's later motion."
sr.lorentz_invariance,11.1,Lorentz invariance,11,Same physical law in every inertial frame,Simplify the detailed diagram to unprimed and primed frames feeding one unchanged law tile with a check mark.,"Design the detailed graphic as two inertial coordinate systems, black x/ct and blue tilted x'/ct', both pointing to the same compact law/equation tile. Add an invariant badge or unchanged-form ring around the tile. If an example event appears, place it generically away from 45 degrees and keep it secondary; the law's unchanged form is the subject.",Lorentz invariance means the laws or equations of physics keep the same form under Lorentz transformations.,"x, ct, x', ct', law","x, ct, x', ct', invariant law","A mere coordinate transformation with no unchanged law, gauge invariance imagery, a specific particle trajectory as the main object, or accidental 45-degree event placement.",Primed and unprimed frames feed the same law tile.,"Lorentz invariance means changing inertial frames changes components, but the equation itself keeps the same physical form."
sr.gauge_fixing,11.2,Gauge fixing,11,Choosing one representative from gauge-equivalent potentials,"Simplify the detailed diagram to several faint A_mu representatives passing through a selector into one bold chosen A_mu, with F unchanged in the background.","Design the detailed graphic as a bundle of gauge-equivalent potential representatives A_mu, A'_mu, and A''_mu that all correspond to the same faint F_mu_nu tile. A grey selector or gauge condition chooses one clean representative for calculation. The unchanged F tile should remain visible behind both sides so gauge fixing reads as choice of description, not change of physics.",Gauge fixing chooses one convenient representative among many gauge-equivalent vector potentials that describe the same electromagnetic field.,A_mu,"A_mu, F_mu_nu, gauge condition","Confusing gauge fixing with Lorenz gauge only, changing F, making it look like a dynamical force, or losing the many-equivalent-to-one-chosen structure.",Many gauge-equivalent potentials pass through a selector to one A.,"Gauge fixing chooses one representative potential from many equivalent descriptions, simplifying calculation while leaving the physical field F unchanged."
math.manifold,M 1.1,Manifold,1,"A curved patch that is locally ordinary","Simplify the detailed diagram to one curved blue patch, one point p, and a small local neighbourhood cue.","Design the detailed graphic as a smooth curved manifold patch with intrinsic grid curves, a highlighted point p, and a small local neighbourhood around p. The graphic should say that the space may be globally curved but locally chartable.","A manifold is the smooth setting for spaces that look locally like ordinary coordinate space without yet specifying distances or times.","M, p","M, p, local patch","Metric grids, curvature tensors, global coordinate axes, or treating the whole manifold as a flat plane.","A curved patch with one point p suggests a space that is locally ordinary.","The manifold patch may be globally curved, but near p it has a small local neighbourhood suitable for coordinates."
math.coordinate_chart,M 1.2,Coordinate chart,1,"A local patch mapped to coordinate numbers","Simplify the detailed diagram to a manifold patch, a flat coordinate rectangle, and one map arrow phi.","Design the detailed graphic as a local region U on a manifold mapped by phi to a flat coordinate plane with axes and grid. Show the same point on both sides to make clear that coordinates are labels for manifold points.","A coordinate chart assigns numbers to points in a local region of a manifold.","U, phi, x^mu","U, phi, x^mu, R^n","A global coordinate system covering everything, metric distances, or making the coordinate plane more physical than the manifold.","A patch is mapped by phi to coordinate labels x^mu.","A chart maps a local manifold patch to coordinate numbers; the red point is the same point before and after labelling."
math.coordinate_transformation,M 1.3,Coordinate transformation,1,"Same point with two coordinate labels","Simplify the detailed diagram to two coordinate grids connected by a transformation arrow and one matching red point.","Design the detailed graphic as two local coordinate grids with the same point shown in both. A clean arrow labelled x'(x) should indicate relabelling between coordinate descriptions, not motion of the physical point.","A coordinate transformation changes labels assigned to the same manifold point.","x^mu, x'^mu","x^mu, x'^mu, x'(x), same point","Moving the point as a physical displacement, global inertial frames only, metric distances, or tensor transformation laws as the main motif.","Two coordinate grids label the same point in different ways.","A coordinate transformation relabels the same point; the red dashed cue connects descriptions rather than moving the point."
math.worldline,M 1.4,Worldline,1,"A curve of events through spacetime","Simplify the detailed diagram to x/ct axes, a blue curve, and a few red event dots.","Design the detailed graphic as a spacetime coordinate plot with a future-directed curve passing through event dots. Add a few tick marks or labels only in the detail view so the path reads as a history through spacetime.","A worldline is the spacetime history of a particle, observer, clock, detector, or light signal.","x, ct","x, ct, A, p, B","A spatial trajectory at one time, force arrows, metric curvature as the main subject, or a curve that looks exactly lightlike unless light is the topic.","A blue curve through red events represents a worldline.","A worldline is a curve of events through spacetime; the coordinate plot is only one way to draw that curve."
math.tangent_space,M 1.5,Tangent space,1,"A flat vector space attached at one point","Simplify the detailed diagram to a curved patch, one point p, and a tilted tangent plane with basis arrows.","Design the detailed graphic as a tangent plane attached at p on a curved manifold patch. Add two green basis directions within the plane and keep the connector to p visible so the plane reads as attached at that point.","The tangent space is the local vector space attached to a manifold point.","p, T_p","p, T_p M, e1, e2","A free-floating plane detached from p, global coordinate axes, or guide axes that look fixed to the screen instead of lying in the tangent plane.","A flat tangent plane is attached to the curved manifold at p.","The tangent space T_pM is a local vector space at p; its basis directions live in the attached plane."
math.cotangent_space,M 1.6,Cotangent space,1,"Covectors dual to tangent vectors","Simplify the detailed diagram to a tangent-plane motif with amber covector/gradient stripes and T_p^*.","Design the detailed graphic as a tangent-plane-like local space with a family of amber level lines and a covector arrow crossing them. Pair visually with tangent space while making the dual/covector role distinct.","The cotangent space contains covectors or one-forms that act on tangent vectors to produce numbers.","omega, T_p^*","omega, T_p^* M","Treating covectors as just ordinary arrows, metric raising/lowering as already assumed, dense differential-form notation, or standalone algebra detached from the point p.","Amber level lines and a covector arrow suggest the dual space T_p^*.","Cotangent vectors act on tangent directions; the graphic uses a gradient-like motif to show the dual partner of tangent space."
math.tensor_field,M 2.1,Tensor field,2,"Tensor objects assigned point by point","Simplify the detailed diagram to a manifold patch with several small T glyphs attached at different points.","Design the detailed graphic as a curved manifold patch carrying several compact tensor glyphs. The glyphs should be placed at different points so the viewer sees a field as an assignment over the manifold rather than one isolated tensor.","A tensor field assigns tensor objects smoothly to points of a manifold.","T","T, tensor at each point","A single standalone tensor matrix, particle trajectories, or making the tensor field look like one global object detached from the manifold.","Several T glyphs on the patch show a tensor assigned at each point.","A tensor field is not one isolated tensor; it is a smoothly varying tensor assignment across the manifold."
gr.gravity_as_geometry,GR 1.1,Gravity as geometry,1,"Free motion follows curved spacetime geometry","Simplify the detailed diagram to a curved grid with one gold natural path through it.","Design the detailed graphic as a contrast between a flat fixed-background force picture and a curved spacetime geometry picture. The final geometry side should dominate: a free path follows the curved manifold rather than being pushed by a separate force arrow.","General relativity treats gravitational effects as spacetime geometry rather than a force field on a fixed background.","geometry","force, geometry","Newtonian-only apples, planets, rubber-sheet mass wells as the main motif, or suggesting that geometry is embedded in ordinary space.","A gold free path follows the curved spacetime geometry.","The detail graphic contrasts force-on-background intuition with GR's geometric view: free motion follows spacetime geometry."
gr.equivalence_principle,GR 1.2,Equivalence principle,1,"Acceleration and gravity give the same local laboratory behaviour","Simplify the detailed diagram to two small labs with matching falling-ball behaviour and a/g labels.","Design the detailed graphic as two local laboratories: one accelerated upward, one in a uniform gravitational field. The internal ball behaviour should match, while the labels a and g identify the two descriptions being compared.","The equivalence principle says that uniform gravity and acceleration are locally indistinguishable in a sufficiently small laboratory.","a, g","a, g, same local experiment","Tidal stretching as the main feature, planets, global fields, or implying equivalence holds over large regions.","Two local laboratories show the same ball behaviour under a and g.","Acceleration and uniform gravity have the same local experimental signature; tidal effects are deliberately excluded from this small-lab picture."
gr.local_inertial_frame,GR 1.3,Local inertial frame,1,"A small flat SR frame attached to curved spacetime","Simplify the detailed diagram to a curved patch with a small flat tangent frame carrying x and ct axes.","Design the detailed graphic as a curved spacetime patch with a local flat plane at one event. Draw small x and ct axes on that plane so it reads as an SR-like local coordinate frame rather than a global inertial frame.","A local inertial frame recovers the SR form locally at one event in curved spacetime.","x, ct, local","x, ct, SR locally","A global inertial grid covering the curved patch, tidal-free claims over a large region, or ordinary screen axes detached from the local plane.","A small x-ct frame sits on a local flat patch of curved spacetime.","SR is recovered locally: near one event the curved geometry has a small flat frame with x and ct axes."
gr.freely_falling_observer,GR 1.4,Freely falling observer,1,"Unsupported motion follows a natural spacetime path","Simplify the detailed diagram to an observer moving along a blue free-fall path on curved spacetime.","Design the detailed graphic as a freely falling observer following a natural curved-spacetime path. Add a secondary supported observer with an upward support cue only in the detail view, so the main idea remains unsupported inertial motion.","A freely falling observer has no non-gravitational support or thrust force and follows inertial motion in GR.","free fall","free fall, no thrust, supported","Rocket-thrust imagery as the main path, ordinary falling-object cartoons detached from spacetime, or implying standing still on a surface is free fall.","The observer follows a blue free-fall path without thrust.","Free fall is inertial motion in GR; the supported observer cue shows what free fall is not."
gr.tidal_gravity,GR 1.5,Tidal gravity,1,"Nearby free-fall paths accelerate relative to each other","Simplify the detailed diagram to three neighbouring free-fall paths with red relative-separation arrows.","Design the detailed graphic as neighbouring freely falling worldlines that converge or diverge on a curved patch. Red arrows should show relative acceleration or stretching between paths. Keep tensor curvature notation out of this first-layer graphic.","Tidal gravity is the relative acceleration of neighbouring freely falling bodies and is the operational sign of curvature.","tidal","relative free fall","A single falling object, uniform gravity alone, full Riemann tensor notation, or force arrows that do not compare neighbouring free-fall paths.","Neighbouring free-fall paths spread or converge under tidal gravity.","Tidal gravity is not one object's fall; it is relative motion between nearby freely falling paths, the first operational hint of curvature."
gr.weak_field_metric,GR 9.1,Weak-field metric,9,Nearly flat geometry with a small mass-induced perturbation,"Use a pale almost-rectangular grid gently distorted around a compact gold mass, with a small h label.","Show an almost-flat coordinate grid whose lines bend only slightly near a compact source. In the detail version add g = eta + h and |h| much less than 1 so the perturbative split is explicit without turning the image into an equation card.","A weak gravitational field is represented by a metric that differs only slightly from flat spacetime.","h","g = eta + h, |h| << 1","A deep rubber-sheet well, strongly curved black-hole geometry, or a grid so distorted that the perturbation no longer looks small.","A nearly flat grid bends gently around a small source.","The weak-field metric is flat spacetime plus a small perturbation h produced by the source."
gr.newtonian_limit,GR 9.2,Newtonian limit,9,A shallow relativistic potential becoming Newtonian acceleration,"Use a shallow blue potential well, a gold test body, and one red downward acceleration arrow g.","Draw a weak potential Phi with a test body accelerating down its shallow gradient. The detail version should state the slow-motion and weak-field assumptions and show g = -grad Phi, making the approximation conditions visible.","For weak fields and slow motion, the relativistic equation of motion reduces to Newtonian gravity in a potential Phi.","Phi, g","Phi, g, slow motion, weak field","Strong-field horizons, relativistic-speed trajectories, or an unexplained falling apple detached from the potential.","A test body accelerates down a shallow potential Phi.","Under weak-field and slow-motion assumptions, spacetime geometry reproduces Newtonian acceleration g = -grad Phi."
gr.gravitational_redshift,GR 9.3,Gravitational redshift,9,Light climbing a gravitational field loses frequency,"Show a gold photon wave climbing from a blue lower emitter to a red upper receiver, with nu_e and nu_r.","Place emitter and receiver at two gravitational heights and connect them with an upward travelling wave. The detail version should show nu_r < nu_e and a restrained background curvature cue so the frequency change reads as gravitational rather than Doppler shift.","A photon received higher in a static gravitational field has lower frequency than when emitted lower down.","nu_e, nu_r","nu_e, nu_r, nu_r < nu_e","Relative-motion Doppler diagrams, expanding-universe redshift, prisms, or changing the photon's path without showing the two gravitational heights.","An upward photon links a high-frequency emitter to a lower-frequency receiver.","Light climbing out of a gravitational field is received at lower frequency: gravitational redshift."
gr.light_deflection,GR 9.4,Light deflection,9,A null ray bending around mass,"Show one gold light ray curved past a central mass against a faint straight undeflected path.","Draw incoming light, a compact mass M, and an outgoing ray deflected from the straight reference line. In the detail version mark a small angle alpha and add faint radial geometry rings without suggesting refraction by a medium.","Spacetime curvature around mass changes the path followed by light.","light","light, M, alpha","A glass lens as the physical cause, a light ray falling vertically, a black-hole capture orbit, or multiple decorative rays obscuring the single deflection.","A gold light ray bends away from its faint straight reference path near a mass.","The mass curves spacetime, so the light ray follows a deflected null path with angle alpha."
gr.perihelion_precession,GR 9.5,Perihelion precession,9,Successive orbital ellipses rotate their closest approach,"Show two differently oriented elliptical orbits around one gold mass, joined by a red advance arrow.","Use two successive osculating ellipses with distinct colours and mark their perihelia. The detail version should connect each perihelion to the central mass and label the angular advance Delta varpi.","Relativistic corrections make an orbit's perihelion advance rather than repeat a closed Newtonian ellipse.","perihelia","M, Delta varpi","A circular orbit with no distinguished perihelion, wholesale orbital decay, frame dragging, or many loops too dense to read at icon size.","Two successive ellipses show the perihelion rotating around the central mass.","The closest-approach direction advances by Delta varpi from one orbit to the next."
gr.post_newtonian_approximation,GR 9.6,Post-Newtonian approximation,9,Relativistic corrections organised by increasing order,"Show a rising three-step sequence labelled 0PN, 1PN, and 2PN.","Build a clean approximation staircase from Newtonian 0PN through 1PN and 2PN. In the detail version label the successive inverse-c corrections and describe them as controlled relativistic corrections, not separate physical theories.","The post-Newtonian method expands relativistic gravity in systematically ordered corrections to Newtonian dynamics.","0PN, 1PN, 2PN","0PN, 1PN, 2PN, c^-2, c^-4","An accuracy progress bar with no expansion parameter, a quantum perturbation series, or implying that higher order always means stronger gravity.","A staircase orders Newtonian and successive post-Newtonian corrections.","Post-Newtonian bookkeeping adds controlled relativistic corrections order by order beyond Newtonian gravity."
gr.schwarzschild_metric,GR 10.1,Schwarzschild metric,10,Static spherical vacuum geometry outside a mass,"Use concentric blue geometry rings and radial lines around one compact dark central mass.","Show the exterior Schwarzschild geometry as a symmetric radial coordinate grid surrounding a compact source. The detail version should state static, spherical, and vacuum and label the radial coordinate without presenting a dense metric formula.","The Schwarzschild metric is the exact static, spherically symmetric vacuum geometry outside a non-rotating mass.","r","r, static, spherical, vacuum","A rotating accretion disc, gravitational waves, a generic rubber sheet, or implying that the exterior vacuum contains distributed matter.","A spherical exterior grid surrounds a compact central mass.","The radial symmetry makes visible that the Schwarzschild exterior is static, spherical, and vacuum."
gr.schwarzschild_radius,GR 10.2,Schwarzschild radius,10,Mass defining a characteristic radius,"Show a gold mass inside a bold red radius ring with a radial arrow labelled r_s.","Draw a central mass M and a clearly measured surrounding radius r_s. In the detail version add r_s = 2GM/c^2 and the phrase mass sets the scale; keep this about the length scale rather than horizon causality.","The Schwarzschild radius is the geometric length scale 2GM/c^2 associated with a mass.","M, r_s","M, r_s, r_s = 2GM/c^2","Treating r_s as every object's material surface, showing one-way causal arrows, or conflating the scale directly with the central singularity.","A radial arrow measures the red Schwarzschild-radius ring around mass M.","The mass M fixes the Schwarzschild length scale r_s = 2GM/c^2."
gr.event_horizon,GR 10.3,Event horizon,10,A one-way causal boundary,"Use a bold circular boundary with red arrows entering and one green exterior arrow escaping.","Represent the horizon as a global one-way causal boundary: future-directed cues cross inward, while only an exterior cue points away. Label r = r_s in the detail version and avoid depicting the boundary as a material shell or curvature explosion.","An event horizon separates events that can communicate with distant infinity from those that cannot.","boundary","r = r_s, one-way causal boundary","A solid material surface, a red curvature singularity at the boundary, coordinate-grid failure as the main subject, or an object hovering exactly on the horizon.","Inward arrows cross the bold horizon while an exterior arrow can still escape.","The event horizon is a one-way causal boundary, not a material shell or local curvature singularity."
gr.coordinate_singularity,GR 10.4,Coordinate singularity,10,A failing chart over regular geometry,"Show coordinate lines bunching at a dashed red horizon while one green path crosses smoothly.","Draw a chart whose coordinate lines become crowded at r_s, contrasted with a regular physical path that continues through the same boundary. The detail view should label chart bunching, path crossing, and finite curvature.","A coordinate singularity is a failure of a particular chart, removable by using coordinates regular at the same geometry.","r_s","r_s, chart bunches, path crosses, finite curvature","A red central curvature blow-up, a path ending at the horizon, or implying that all coordinates become invalid there.","Crowded chart lines stop at r_s while a green path crosses the boundary.","The Schwarzschild chart fails at the horizon, but a regular path and finite curvature show that the geometry does not."
gr.black_hole_singularity,GR 10.5,Black hole singularity,10,Interior causal paths ending at divergent curvature,"Show a dark interior funnel whose red future paths converge on a red r = 0 star.","Place a horizon across the top of a black-hole interior region and direct several future paths toward a central r = 0 endpoint. In the detail version add K tending to infinity so the invariant curvature divergence distinguishes this from the coordinate singularity.","The Schwarzschild central singularity is a genuine geometric breakdown where curvature invariants diverge.","r = 0","horizon, r = 0, K -> infinity","Putting the singularity at the horizon, drawing an ordinary point mass with regular interior, or suggesting a coordinate change can remove the invariant divergence.","Interior paths converge on a red singular endpoint at r = 0.","Unlike the horizon chart failure, the central r = 0 singularity has invariant curvature K diverging."
gr.effective_potential_orbits,GR 10.6,Effective potential for orbits,10,Orbital motion encoded by extrema and turning points,"Show a blue effective-potential curve, a gold energy line, two turning points, and a green stable minimum.","Draw V_eff against r with an energy line intersecting at radial turning points. In the detail version distinguish a green stable minimum from a red unstable maximum so circular-orbit stability is visible at a glance.","Conserved energy and angular momentum reduce Schwarzschild radial motion to an effective-potential problem.","V, r","V_eff, r, E, stable, unstable","A Newtonian potential well with no relativistic extrema, a spacetime embedding diagram, or an orbit drawn without connecting it to turning points and stability.","An energy line cuts the effective-potential curve at radial turning points.","The extrema of V_eff identify circular orbits and their stability, while intersections with E locate turning points."
gr.stress_energy_tensor,GR 7.1,Stress-energy tensor in GR,7,Energy density flux and stress packaged as one curved-spacetime tensor,"Show a T_mu_nu block containing rho, flux S, and stress sigma, with gold arrows leaving one face.","Design a compact tensor block whose internal entries distinguish density, flux, and stress while outward arrows make transport visible. Add a subtle curved-spacetime cue only in the detail version so this remains a matter tensor rather than a curvature tensor.","Stress-energy packages local energy density, momentum density, flux, and stress as the source of spacetime curvature.","T_mu_nu, rho, S, sigma","T_mu_nu, rho, S, sigma, density, flux, stress","A purely electromagnetic tensor, a dense component matrix, curvature symbols as the subject, or arrows with no tensor source.","A T_mu_nu block combines density, flux, and stress with outward transport arrows.","The stress-energy tensor packages observer-dependent densities and fluxes into one geometric source tensor."
gr.perfect_fluid,GR 7.2,Perfect fluid,7,Fluid density moving with four-velocity and equal pressure in all directions,"Show a blue circular fluid parcel, gold density dots, equal radial pressure arrows, and one green U vector.","Draw a fluid element whose pressure arrows have equal length in every direction and whose internal matter is carried along one four-velocity U. In the detail view identify rho and state that pressure is isotropic.","A perfect fluid has rest-frame energy density and isotropic pressure but no viscosity, heat flow, or shear stress.","U, p","U^mu, rho, p, isotropic","Shear arrows of unequal length, vortices, heat conduction, individual molecular collisions, or a static liquid with no four-velocity.","Equal blue pressure arrows surround a density parcel moving along U.","The fluid's local rest frame has density rho and the same pressure in every spatial direction."
gr.energy_conditions,GR 7.3,Energy conditions,7,Testing stress-energy contractions against classical inequalities,"Show a blue T_mu_nu tile tested by timelike u and null k directions, producing a green nonnegative result.","Present energy conditions as a test applied to stress-energy: observer or null directions contract with T and feed an inequality tile. The detail version must note that this is a classical assumption, not an identity.","Energy conditions impose selected nonnegative-density or causal-flow assumptions on stress-energy.","T_mu_nu, u, k, >= 0","T_mu_nu, u^mu, k^mu, >= 0, classical assumption","A universal law badge, quantum certainty, conservation arrows, or an inequality detached from an observer or null direction.","Observer directions test T_mu_nu and feed a green nonnegative result.","Energy conditions are additional classical assumptions about what observers or null directions measure."
gr.covariant_conservation,GR 7.4,Covariant conservation,7,Locally balanced energy-momentum flux in curved spacetime,"Show a curved blue region with matched gold boundary flux arrows and nabla_mu T^mu_nu = 0.","Draw local energy-momentum flow through a curved-spacetime volume and centre the covariant-divergence equation. The detail view should describe local balance and subtly show why geometry-aware comparison is needed.","Covariant conservation states local energy-momentum balance while including the spacetime connection.","nabla T = 0","nabla_mu T^mu_nu = 0, local balance","A claim of globally conserved gravitational energy, plain partial derivatives, a closed box with no flux, or arrows suggesting matter disappears.","Balanced boundary flux surrounds the covariant-divergence equation.","The vanishing covariant divergence expresses local energy-momentum balance on curved spacetime."
gr.equation_of_state,GR 7.5,Equation of state,7,A constitutive curve relating pressure to energy density,"Show p and rho axes with a clean blue p(rho) curve and one highlighted state point.","Draw pressure as a function of energy density with one sample thermodynamic state. In the detail version add the idealized linear form p = w rho and note that the relation closes the matter model.","An equation of state supplies material information relating pressure and energy density so the fluid-gravity equations close.","p, rho","p, rho, p(rho), p = w rho","A gravitational field equation, temperature-only plot, phase diagram complexity, or implying one universal equation of state for all matter.","A highlighted state lies on the material relation p(rho).","The equation of state supplies the constitutive relation needed to close a fluid-gravity model."
gr.einstein_field_equations,GR 8.1,Einstein field equations,8,Geometry coupled locally to stress-energy,"Show a blue curved-geometry tile equal to a gold stress-energy component tile.","Place geometry G_mu_nu and matter T_mu_nu on equal visual footing, linked by an equals sign. The detail version should display the compact G + Lambda g = kappa T structure and label the two sides geometry and stress-energy.","Einstein's equations relate local spacetime curvature to the local stress-energy source.","G_mu_nu = T_mu_nu","G + Lambda g = kappa T, geometry, stress-energy","A scalar inverse-square law, a one-way force arrow from matter, a dense ten-equation component display, or geometry without a local source tensor.","A curved geometry tile balances a stress-energy tile across an equals sign.","Einstein's field equation is a local tensor balance between spacetime geometry and stress-energy."
gr.cosmological_constant,GR 8.2,Cosmological constant,8,A uniform metric term supporting vacuum curvature,"Show concentric blue rings expanding radially from a central red Lambda with no matter source.","Use a symmetric empty-space motif with a central Lambda and uniform outward geometry arrows. The detail version should say uniform vacuum term and curved even with T = 0, avoiding claims about a specific microscopic origin.","The cosmological constant adds a uniform metric-proportional term that can curve spacetime without ordinary matter.","Lambda","Lambda, T = 0, uniform vacuum term","Matter particles as the cause, an exploding point, a measured cosmological history, or identifying Lambda unconditionally with one microscopic vacuum-energy model.","Uniform radial geometry arrows surround Lambda in otherwise empty space.","The cosmological term permits curved spacetime even where ordinary stress-energy vanishes."
gr.einstein_hilbert_action,GR 8.3,Einstein-Hilbert action,8,Metric variation of a curvature action producing field equations,"Show an S_EH action tile varied by delta g into a green G_mu_nu result tile.","Present the Einstein-Hilbert action as the input to a metric-variation operation. In the detail version hint at the integral of R - 2 Lambda and state stationary action to field equation, with a subtle curved-boundary cue.","Varying the gravitational curvature action with respect to the metric yields Einstein's equations, subject to proper boundary treatment.","S_EH, delta g, G_mu_nu","S_EH, integral R - 2 Lambda, delta g, G_mu_nu","A path action for one particle, varying coordinates rather than the metric, hiding the curvature scalar, or suggesting boundary terms never matter.","Metric variation carries the S_EH tile into a geometric field-equation tile.","The Einstein-Hilbert action makes the metric dynamical: stationary metric variation yields the field equations."
gr.stress_energy_variation,GR 8.4,Stress-energy from action variation,8,Matter action response to changing geometry,"Show a gold matter-action S_m tile perturbed by delta g and producing a blue T_mu_nu source tile.","Draw the matter action with faint internal matter cues, followed by a metric-variation operation and a stress-energy result. The detail version should call T the source and describe it as matter's response to geometry.","Stress-energy is defined variationally by how the matter action changes under a metric variation.","S_m, delta g, T_mu_nu","S_m, delta g^mu_nu, T_mu_nu, source","A gravitational action producing G, a coordinate relabelling, force arrows, or a source tensor appearing without showing its action response origin.","A metric perturbation of S_m produces the source tensor T_mu_nu.","The variational definition makes stress-energy the response of matter action to a change in spacetime geometry."
gr.trace_reversed_equations,GR 8.5,Trace-reversed equations,8,Contracting and substituting to isolate Ricci curvature,"Show a G_mu_nu = kappa T_mu_nu tile passing through a trace arrow into a bold R_mu_nu tile.","Make the algebraic operation visible: start with the Einstein form, contract to obtain the trace, and substitute to reach the Ricci form. The detail version should show the trace-adjusted source T_mu_nu - one-half g_mu_nu T and state that the physics is unchanged.","Trace reversal rewrites Einstein's equation equivalently as an equation directly for the Ricci tensor.","G_mu_nu, trace, R_mu_nu","G_mu_nu = kappa T_mu_nu, trace, R_mu_nu, T_mu_nu - 1/2 g_mu_nu T","Erasing curvature, changing the physical theory, matrix transposition, or presenting the Ricci form without the trace operation.","A trace operation transforms the Einstein-tensor form into a bold Ricci-tensor form.","Contracting and substituting the trace gives an equivalent Ricci form of the same field equations."
gr.vacuum_field_equations,GR 8.6,Vacuum field equations,8,Ricci-flat spacetime retaining tidal curvature,"Show an empty blue curved grid labelled T_mu_nu = 0 and R_mu_nu = 0.","Draw a matter-free region whose grid remains visibly curved. The detail version should add two red neighbouring paths with relative convergence and state vacuum need not be flat, distinguishing Ricci-flatness from a zero Riemann tensor.","With vanishing ordinary stress-energy and Lambda, the vacuum equations require Ricci-flatness but can allow tidal curvature.","T_mu_nu = 0, R_mu_nu = 0","T_mu_nu = 0, R_mu_nu = 0, vacuum need not be flat","A blank featureless plane, claiming the full Riemann tensor vanishes, ordinary matter particles, or a cosmological-constant vacuum without stating conventions.","An empty but curved grid carries T_mu_nu = 0 and R_mu_nu = 0.","Ricci-flat vacuum can still contain nonzero tidal curvature, as the converging paths emphasize."
math.index_notation,M 2.2,Abstract and component indices,2,One tensor shown abstractly and in a chosen basis,"Show T with abstract indices beside a small component matrix.","Contrast an abstract tensor symbol with its component array and label the two descriptions. Emphasize that a basis produces components without changing the tensor.","Abstract indices describe tensor type while component indices label numbers in a chosen basis.","T^ab","T^ab, T00, components","Treating abstract indices as numerical labels or showing unrelated tensors.","An abstract T and a component matrix depict two descriptions of one tensor.","Components depend on a chosen basis; the abstract tensor does not."
math.tensor_transformation_law,M 2.3,Tensor transformation law,2,Components changing between coordinate grids,"Show two component grids T and T-prime connected by a Lambda arrow.","Draw two coordinate-component arrays linked by a transformation Lambda. State that components change while the tensor remains the same geometric object.","The tensor transformation law preserves the geometric tensor while changing its coordinate components.","T, T-prime, Lambda","T, T-prime, Lambda, same tensor","Physical deformation, motion of the object, or a scalar with no index transformation.","Lambda maps one component grid to another.","The component arrays change between coordinates, but they represent the same tensor."
gr.metric_tensor,GR 2.1,Spacetime metric,2,Metric tensor carried by a curved spacetime patch,"Show a curved manifold grid with a central g tensor glyph.","Place the metric glyph on a curved patch and add a measured interval cue. Label its roles in lengths, times, and angles.","The spacetime metric assigns invariant intervals and causal geometry.","g","g, lengths, times, angles","A coordinate grid alone, curvature tensor, or Euclidean ruler detached from spacetime.","A g glyph sits on curved spacetime geometry.","The metric determines spacetime lengths, times, angles, and causal intervals."
gr.inverse_metric,GR 2.2,Inverse metric,2,Metric and inverse contracting to the identity,"Show g_mu_nu multiplied by g^nu_rho to give delta.","Use paired metric and inverse-metric tiles with a contraction and identity result. Add the raising and lowering role in the detail view.","The inverse metric undoes metric contraction and supports index raising.","g_mu_nu, g^mu_nu, delta","g_mu_nu g^nu_rho = delta, raise indices","A matrix inverse detached from tensor indices or implying a second independent metric.","Metric and inverse tiles contract to delta.","The inverse metric reverses metric contraction and raises indices."
gr.volume_element,GR 2.3,Volume element,2,Invariant volume represented by a distorted coordinate cell,"Show a skewed coordinate grid with one highlighted local volume cell.","Highlight one coordinate cell inside a distorted grid and label the invariant measure sqrt(-g) d4x in the detail view.","The metric determinant converts coordinate volume into invariant spacetime volume.","dV","sqrt(-g) d4x","A flat unit cube with no metric factor or a spatial-only area element.","A highlighted cell sits inside a distorted coordinate grid.","The determinant factor converts a coordinate cell into an invariant volume element."
gr.line_element,GR 3.1,Line element,3,Metric interval between neighbouring events,"Show two red points on a curved patch joined by a gold ds-squared segment.","Add ds^2 = g_mu_nu dx^mu dx^nu beneath the curved-patch interval.","The line element assigns an invariant infinitesimal interval.","ds^2","ds^2, g_mu_nu, dx^mu","A finite global distance or coordinate difference alone.","A gold ds-squared segment joins nearby events.","The metric turns coordinate displacement into invariant interval."
gr.proper_time,GR 3.2,Proper time in curved spacetime,3,Clock ticks accumulated along a curved timelike path,"Show a black worldline on curved spacetime with blue tau ticks.","Add the statement clock time along a timelike curve.","Proper time is the time recorded along a timelike worldline.","tau","tau, timelike curve","Coordinate time alone or a null path.","Blue ticks mark proper time along a curved worldline.","A clock accumulates tau along its timelike history."
gr.null_curve,GR 3.3,Null curve,3,Light following a cone boundary with zero interval,"Show a gold light ray on the blue boundary of a light cone.","Add ds^2 = 0 and a faint time axis.","A null curve has zero spacetime interval and carries lightlike influence.","light","light, ds^2 = 0","A timelike massive path or light inside the cone.","A gold light path follows the cone boundary.","Null motion lies exactly on the causal cone with ds-squared zero."
gr.causal_structure,GR 3.4,Causal structure,3,Future and past cones organizing possible influence,"Show blue future and grey past cones meeting at one red event.","Label future, past, and the exterior spacelike region.","Causal structure separates events that can influence one another from spacelike-separated events.","future","future, past, spacelike","A single trajectory or an unlabelled geometric cone.","Future and past cones meet at one event.","The cones partition causal futures, pasts, and spacelike separation."
gr.local_flatness,GR 3.5,Local flatness,3,A small flat frame embedded in curved spacetime,"Show a curved patch containing a small green-edged flat coordinate square.","Add g approaches eta at one event.","At any regular event the metric can be made locally Minkowskian.","local frame","g to eta","A global flat grid covering all curved spacetime.","A small flat frame sits within a curved patch.","Curved spacetime is locally Minkowskian at a chosen event."
gr.metric_signature,GR 3.6,Metric signature convention,3,Two equivalent sign conventions requiring consistency,"Show +--- and -+++ tiles side by side.","Label the time-positive and time-negative conventions and demand consistent use.","Metric signature chooses the relative signs of temporal and spatial directions.","+---, -+++","time-positive, time-negative","Mixing conventions within one calculation or suggesting different physics.","Two signature tiles present the standard alternatives.","Either signature works when definitions and calculations remain consistent."
gr.connection,GR 4.1,Connection,4,A rule comparing directions at nearby points,"Show tangent arrows along a curved path on a manifold patch.","Use several nearby arrows and state that the connection supplies the comparison rule.","A connection defines differentiation and transport between tangent spaces.","arrows","compare nearby directions","A force field or globally fixed vector grid.","Tangent arrows follow a path across curved geometry.","The connection tells how to compare directions at neighbouring points."
gr.christoffel_symbols,GR 4.2,Christoffel symbols,4,Coordinate coefficients of a connection,"Show a Gamma tile over a coordinate grid.","Label Gamma with its indices and call it coordinate connection coefficients.","Christoffel symbols are coordinate-dependent coefficients of the Levi-Civita connection.","Gamma","Gamma^rho_mu_nu","Treating Gamma as a tensor or curvature itself.","A Gamma tile sits on a coordinate chart.","Christoffel symbols encode the connection in a chosen coordinate system."
gr.covariant_derivative,GR 4.3,Covariant derivative,4,Vector change corrected for geometry,"Show vectors at two points and a green nabla V comparison.","State ordinary change plus connection correction.","The covariant derivative measures tensor variation while correcting for changing bases.","nabla V","ordinary change, connection correction","A raw component difference with no connection.","Nearby vectors are compared by nabla V.","Covariant differentiation separates physical change from coordinate-basis change."
gr.metric_compatibility,GR 4.4,Metric compatibility,4,Transport preserving metric inner products,"Show equal ruler segments at two locations with nabla g = 0.","State that transport preserves metric inner products.","Metric compatibility makes the connection preserve lengths and angles under transport.","nabla g = 0","preserves inner products","Changing ruler lengths or a second metric.","Matching gold rulers accompany nabla g equals zero.","The compatible connection preserves metric comparisons during transport."
gr.torsion_free_connection,GR 4.5,Torsion-free connection,4,An infinitesimal transport parallelogram closing,"Show a blue arrow parallelogram returning to its red start point.","Label T = 0 and state that the infinitesimal parallelogram closes.","Vanishing torsion means the connection has no antisymmetric displacement defect.","T = 0","parallelogram closes","A finite holonomy loop or curvature claim.","The transport parallelogram closes at its start.","Torsion-free transport has no infinitesimal closure defect."
gr.parallel_transport,GR 4.6,Parallel transport,4,A vector carried around a curved loop,"Show green vectors transported along a blue loop on a manifold.","Note that the rule is unchanged while loop holonomy can alter final orientation.","Parallel transport carries vectors using the connection without local turning.","vectors","changed orientation after loop","Keeping screen orientation fixed or confusing transport with a force.","Green vectors are carried around a curved loop.","Parallel transport is locally direction-preserving but can reveal global curvature."
gr.geodesic,GR 5.1,Geodesic,5,A natural free path across curved geometry,"Show one bold gold path between two events on a manifold.","Describe it as the straightest free path in curved spacetime.","A geodesic is an autoparallel path representing free fall.","path","straightest free path","A force-deflected trajectory or shortest path claim in every circumstance.","A gold path crosses curved spacetime between two events.","Free motion follows the geometry's natural geodesic path."
gr.geodesic_equation,GR 5.2,Geodesic equation,5,Coordinate acceleration balanced by connection geometry,"Show d2x/dtau2 and Gamma uu tiles summing to zero.","Label the two contributions coordinate acceleration and geometry.","The geodesic equation states vanishing covariant acceleration.","d2x, Gamma uu","coordinate acceleration, geometry","A Newtonian force law or Gamma treated as force.","Acceleration and connection tiles balance to zero.","Coordinate bending plus connection correction gives zero covariant acceleration."
gr.geodesic_action,GR 5.3,Geodesic action,5,A stationary path among nearby variations,"Show fixed endpoints, one bold path, and faint alternatives with delta S = 0.","State stationary proper-time or length action.","Geodesics arise as stationary curves of the appropriate action.","delta S = 0","stationary action","A unique global minimum claim or moving endpoints.","One bold path is selected among nearby variations.","Stationary action provides the variational route to geodesic motion."
gr.four_velocity,GR 5.4,Four-velocity in curved spacetime,5,A green tangent vector on a curved worldline,"Show u^mu tangent to a worldline on curved spacetime.","Add u = dx/dtau and identify the tangent role.","Four-velocity is the proper-time tangent to a timelike worldline.","u^mu","u = dx/dtau","A spatial velocity alone or a normal vector.","A green u vector is tangent to the worldline.","Four-velocity is the normalized tangent describing local motion."
gr.four_acceleration,GR 5.5,Four-acceleration,5,A red non-geodesic acceleration leaving a path,"Show a red a^mu arrow from a body on a blue worldline.","Contrast supported or thrust motion with geodesic free fall a = 0.","Four-acceleration is the covariant rate of change of four-velocity.","a^mu","supported, geodesic a = 0","Calling gravitational free fall proper acceleration.","A red acceleration arrow departs from the worldline tangent.","Non-gravitational support produces four-acceleration; free fall has none."
gr.geodesic_deviation,GR 5.6,Geodesic deviation,5,Curvature changing separation between neighbouring geodesics,"Show two blue free-fall paths and a red separation vector xi.","State that curvature changes neighbouring separation.","Geodesic deviation relates relative acceleration to curvature.","xi","curvature changes separation","A single path or uniform translation of both paths.","A red xi arrow spans neighbouring geodesics.","Curvature is observed through changing separation of nearby free-fall paths."
gr.riemann_tensor,GR 6.1,Riemann curvature tensor,6,Loop transport producing an orientation mismatch,"Show a blue loop on a manifold with unequal green initial and final vectors and R.","State that loop transport reveals curvature and label the Riemann tensor.","Riemann curvature measures the noncommutativity of covariant derivatives and transport holonomy.","R","R^rho_sigma_mu_nu","A scalar curvature only or a force around the loop.","Transport around a loop returns a rotated vector.","The Riemann tensor records the full local curvature revealed by loop transport."
gr.ricci_tensor,GR 6.2,Ricci tensor,6,Focusing of a neighbouring geodesic bundle,"Show several blue paths converging toward one region with R_mu_nu.","Label volume focusing and Riemann contraction.","The Ricci tensor is a contraction of Riemann curvature governing volume focusing.","R_mu_nu","volume focusing","A single geodesic or the full uncontracted Riemann tensor.","A geodesic bundle focuses beneath R_mu_nu.","Ricci curvature captures how nearby geodesic volumes focus."
gr.ricci_scalar,GR 6.3,Ricci scalar,6,One scalar curvature value on a manifold patch,"Show a warm highlighted region with a large R on curved spacetime.","Call R one scalar contraction of Ricci curvature.","The Ricci scalar is the metric trace of the Ricci tensor.","R","scalar contraction","A full tensor matrix or coordinate-dependent component.","A single R summarizes contracted curvature at a region.","Tracing Ricci curvature produces the coordinate-invariant scalar R."
gr.einstein_tensor,GR 6.4,Einstein tensor,6,Ricci tensor minus its trace part,"Show R_mu_nu minus one-half g_mu_nu R yielding G.","Add divergence-free curvature combination and nabla_mu G^mu_nu = 0.","The Einstein tensor combines Ricci curvature into a divergence-free source-compatible tensor.","G","R_mu_nu - 1/2 g_mu_nu R","Stress-energy on the left or an arbitrary tensor combination.","Ricci and trace tiles combine into G.","The Einstein tensor is the divergence-free curvature combination used in the field equations."
gr.bianchi_identity,GR 6.5,Bianchi identity,6,A cyclic sum of curvature derivatives closing to zero,"Show a triangular cycle of nabla R arrows around cyclic = 0.","State that curvature derivatives obey a cyclic identity.","The differential Bianchi identity constrains cyclic covariant derivatives of curvature.","cyclic = 0","nabla R, cyclic identity","A dynamical field equation or simple vector triangle.","Three derivative arrows form a closed cyclic identity.","The Bianchi identity is a geometric consistency relation for curvature derivatives."
gr.curvature_invariants,GR 6.6,Curvature invariants,6,The same curvature scalar in two coordinate charts,"Show blue x and gold x-prime chart tiles linked to the same red K.","Add K = R dot R and state same scalar in every coordinate chart.","Curvature invariants diagnose geometry independently of coordinates.","K","K = R dot R, same scalar","A coordinate component or a chart-specific divergence.","Two coordinate charts share one invariant K.","Curvature invariants distinguish genuine geometry from coordinate artefacts."
