source,target,relation,note
sr.principle_of_relativity,sr.inertial_frames,REQUIRES,"The postulate only has its standard form for observers in uniform relative motion; accelerated frames introduce extra structure."
sr.constancy_of_speed_of_light,sr.inertial_frames,REQUIRES,"The claim compares light-speed measurements made by inertial observers, not arbitrary coordinate systems."
sr.lorentz_transformations,sr.principle_of_relativity,DERIVES_FROM,"Relativity rules out transformations that would identify a preferred inertial frame."
sr.lorentz_transformations,sr.constancy_of_speed_of_light,DERIVES_FROM,"Invariant light speed fixes the light-cone structure that the transformations must preserve."
sr.lorentz_transformations,sr.inertial_frames,REQUIRES,"The transformations relate coordinate descriptions between inertial frames."
sr.spacetime_event,sr.inertial_frames,REQUIRES,"An event is usually labelled by coordinates assigned within a chosen inertial frame."
sr.principle_of_locality,sr.spacetime_event,REQUIRES,"Local laws are statements about what happens at an event or in an infinitesimal neighbourhood."
sr.principle_of_locality,sr.constancy_of_speed_of_light,REQUIRES,"Finite causal propagation in special relativity uses light speed as the limiting signal speed."
sr.spacetime_interval,sr.spacetime_event,REQUIRES,"Intervals compare pairs of events; without events there is no separation to measure."
sr.position_four_vector,sr.spacetime_event,REQUIRES,"The four-vector packages the coordinates assigned to one event."
sr.lorentz_transformations,sr.spacetime_interval,DERIVES_FROM,"Preserving the interval is the geometric condition that selects the Lorentz transformations."
sr.lorentz_transformations,sr.metric_tensor,DERIVES_FROM,"In tensor notation the preservation condition is expressed by keeping the Minkowski metric form unchanged."
sr.four_vectors,sr.lorentz_transformations,REQUIRES,"The defining test for a four-vector is how its components transform under Lorentz transformations."
sr.spacetime_interval,sr.metric_tensor,DERIVES_FROM,"The interval is the metric contraction of a spacetime displacement with itself."
sr.metric_tensor,sr.four_vectors,RELATED,"The metric supplies inner products, norms, and index movement for four-vector quantities."
sr.light_cone,sr.spacetime_interval,DERIVES_FROM,"The cone is the zero-interval boundary separating timelike, lightlike, and spacelike separations."
sr.minkowski_diagram,sr.spacetime_event,REQUIRES,"The diagram is a visual coordinate chart whose plotted points are events."
sr.proper_time,sr.spacetime_interval,DERIVES_FROM,"Along a timelike world-line, accumulated interval length gives the time measured by a comoving clock."
sr.position_four_vector,sr.four_vectors,INSTANCE_OF,"It is the event-position member of the broader family of four-vectors."
sr.position_four_vector,sr.lorentz_transformations,REQUIRES,"Its components are meaningful as a four-vector because they transform between inertial frames in the Lorentz way."
sr.velocity_four_vector,sr.proper_time,DERIVES_FROM,"Proper time supplies the invariant parameter used in the derivative along the world-line."
sr.velocity_four_vector,sr.position_four_vector,DERIVES_FROM,"Differentiating position four-vector components with respect to proper time gives four-velocity."
sr.momentum_four_vector,sr.velocity_four_vector,DERIVES_FROM,"For a massive particle, multiplying four-velocity by rest mass gives four-momentum."
sr.mass_energy_equivalence,sr.momentum_four_vector,DERIVES_FROM,"The invariant norm of four-momentum contains the rest-energy term."
sr.mass_energy_equivalence,sr.metric_tensor,DERIVES_FROM,"The mass-shell relation comes from the metric contraction of four-momentum with itself."
sr.action_principle,sr.lorentz_transformations,RELATED,"Relativistic actions must respect Lorentz covariance, but the variational idea itself is more general."
sr.action_principle,sr.lagrangian,REQUIRES,"The action is built from a Lagrangian before the stationarity condition can be imposed."
sr.lagrangian,sr.spacetime_interval,REQUIRES,"Relativistic particle Lagrangians commonly use invariant interval or proper-time structure."
sr.lagrangian,sr.four_vectors,REQUIRES,"Lorentz-invariant terms are often formed by contracting four-vector quantities into scalars."
sr.euler_lagrange_equations,sr.lagrangian,REQUIRES,"The equations are not standalone laws; they are generated from a specified Lagrangian."
sr.euler_lagrange_equations,sr.action_principle,DERIVES_FROM,"Varying the action and setting the first variation to zero gives the Euler-Lagrange equations."
sr.hamiltonian_formalism,sr.lagrangian,DERIVES_FROM,"The Hamiltonian description is obtained from a suitable Lagrangian by a Legendre transform."
sr.hamiltonian_formalism,sr.canonical_momentum,DERIVES_FROM,"Canonical momenta are the variables introduced by the Legendre transform into phase space."
sr.canonical_momentum,sr.lagrangian,DERIVES_FROM,"It is defined by differentiating the Lagrangian with respect to the corresponding velocity."
sr.noether_theorem,sr.action_principle,DERIVES_FROM,"The theorem follows by applying special symmetry variations inside the stationary-action framework."
sr.energy_momentum_tensor,sr.noether_theorem,DERIVES_FROM,"In field theory it can be obtained as the set of Noether currents for spacetime translations."
sr.scalar_field,sr.spacetime_event,REQUIRES,"A field value is assigned at each event, so the spacetime domain has to be in place first."
sr.scalar_field,sr.lorentz_transformations,REQUIRES,"Calling the field scalar means its value is invariant under Lorentz frame changes."
sr.scalar_field,sr.four_vectors,RELATED,"They are useful contrasts: scalar values stay invariant while four-vector components mix."
sr.vector_field,sr.lorentz_transformations,REQUIRES,"A relativistic vector field is characterised by its Lorentz transformation law."
sr.vector_field,sr.four_vectors,REQUIRES,"At each event the components of the field transform as a four-vector."
sr.field_lagrangian,sr.action_principle,DERIVES_FROM,"The particle action idea is extended from paths to fields through an integral of a Lagrangian density."
sr.field_lagrangian,sr.principle_of_locality,REQUIRES,"The density is built from fields and derivatives evaluated at the same event."
sr.field_equations,sr.field_lagrangian,DERIVES_FROM,"Varying the field action built from the Lagrangian density gives local field equations."
sr.field_equations,sr.lorentz_transformations,REQUIRES,"Relativistic field equations must transform covariantly between inertial frames."
sr.field_equations,sr.euler_lagrange_equations,DERIVES_FROM,"The field version is the Euler-Lagrange variational calculation applied to field variables."
sr.vector_potential,sr.spacetime_event,REQUIRES,"The potential is a spacetime field, so its components are attached to events."
sr.vector_potential,sr.vector_field,INSTANCE_OF,"It is the electromagnetic example of a relativistic vector field."
sr.vector_potential,sr.field_lagrangian,RELATED,"It often serves as the electromagnetic field variable in Lagrangian formulations, though it is not produced by the idea of a Lagrangian."
sr.field_tensor,sr.vector_potential,CONSTRUCTED_FROM,"Taking the antisymmetric derivative of the potential removes pure-gradient gauge parts."
sr.electric_field,sr.field_tensor,COMPONENT_OF,"It is read from the time-space part of the tensor after a frame split is chosen."
sr.magnetic_field,sr.field_tensor,COMPONENT_OF,"It is read from the spatial antisymmetric part of the tensor after a frame split is chosen."
sr.electromagnetic_field,sr.field_tensor,REQUIRES,"The tensor is the compact covariant representative of the unified field."
sr.electric_field,sr.inertial_frames,REQUIRES,"The electric part is defined only after an observer has chosen a time-space split."
sr.electromagnetic_field,sr.electric_field,REQUIRES,"The familiar electric field is one frame-dependent face of the unified field."
sr.electromagnetic_field,sr.magnetic_field,REQUIRES,"The familiar magnetic field is the complementary frame-dependent face of the unified field."
sr.maxwells_equations,sr.electromagnetic_field,REQUIRES,"The equations govern the dynamics and constraints of the electromagnetic field."
sr.maxwells_equations,sr.euler_lagrange_equations,DERIVES_FROM,"In the action formulation, varying the electromagnetic Lagrangian yields the covariant field equations."
sr.maxwells_equations,sr.field_lagrangian,DERIVES_FROM,"The electromagnetic Lagrangian density supplies the expression whose variation gives Maxwell's equations."
sr.lorenz_gauge,sr.vector_potential,REQUIRES,"The condition is imposed on the potential; without a potential variable there is no gauge condition to choose."
sr.lorenz_gauge,sr.electromagnetic_field,REQUIRES,"Its physical role is understood by separating gauge-dependent potentials from the unchanged field strength."
sr.lorenz_gauge,sr.maxwells_equations,RELATED,"It is useful because it simplifies the potential form of Maxwell's equations, not because it is one of Maxwell's laws."
sr.gauge_invariance,sr.field_tensor,DERIVES_FROM,"The antisymmetric derivative cancels pure-gradient additions to the potential."
sr.gauge_invariance,sr.electromagnetic_field,REQUIRES,"The redundancy matters because different potentials can describe the same physical field."
sr.lorenz_gauge,sr.gauge_invariance,REQUIRES,"Choosing this gauge presupposes the existence of gauge-equivalent potentials."
sr.four_current,sr.four_vectors,INSTANCE_OF,"It is the charge-current member of the broader four-vector family."
sr.maxwells_equations,sr.four_current,REQUIRES,"The sourced covariant equation uses the four-current as its local source term."
sr.charge_conservation,sr.four_current,REQUIRES,"The local conservation law is expressed as the vanishing four-divergence of this current."
sr.minimal_coupling,sr.vector_potential,CONSTRUCTED_FROM,"The interaction is built by inserting the electromagnetic potential into the action or momentum structure."
sr.minimal_coupling,sr.gauge_invariance,DERIVES_FROM,"Gauge invariance constrains the form of the coupling to charged matter."
sr.lorentz_force_law,sr.velocity_four_vector,REQUIRES,"The covariant equation uses four-velocity to state how the particle moves through spacetime."
sr.lorentz_force_law,sr.momentum_four_vector,REQUIRES,"The law describes the proper-time rate of change of four-momentum."
sr.lorentz_force_law,sr.action_principle,DERIVES_FROM,"Varying a charged-particle action gives the force law."
sr.lorentz_force_law,sr.field_tensor,REQUIRES,"The field tensor supplies the electromagnetic field-strength object appearing in the covariant force equation."
sr.lorentz_force_law,sr.minimal_coupling,DERIVES_FROM,"The minimally coupled action produces the antisymmetric field-strength term in the final equation of motion."
sr.charge_conservation,sr.maxwells_equations,DERIVES_FROM,"Taking the divergence of the sourced equation forces the current divergence to vanish."
sr.em_energy_density,sr.electric_field,CONSTRUCTED_FROM,"The electric contribution enters through the squared field magnitude."
sr.em_energy_density,sr.magnetic_field,CONSTRUCTED_FROM,"The magnetic contribution enters through the squared field magnitude."
sr.em_energy_density,sr.electromagnetic_field,REQUIRES,"Energy density is a property assigned to electromagnetic field configurations."
sr.em_energy_density,sr.energy_momentum_tensor,COMPONENT_OF,"In a chosen frame it is the time-time component of the tensor."
sr.poynting_vector,sr.electromagnetic_field,REQUIRES,"The vector is meaningful as the energy-flow and momentum-flow quantity of an electromagnetic field configuration."
sr.em_stress_energy,sr.metric_tensor,CONSTRUCTED_FROM,"The formula uses the metric to contract indices and raise or lower field-tensor components."
sr.em_stress_energy,sr.field_tensor,CONSTRUCTED_FROM,"The tensor is built quadratically from the electromagnetic field strength."
sr.energy_momentum_tensor,sr.field_tensor,RELATED,"The connection is the electromagnetic example: the EM stress-energy tensor is built from field-strength tensors, while the general concept is broader."
sr.electromagnetic_waves,sr.electric_field,REQUIRES,"In a chosen frame, the wave includes an oscillating electric component."
sr.electromagnetic_waves,sr.magnetic_field,REQUIRES,"In a chosen frame, the wave includes an oscillating magnetic component."
sr.electromagnetic_waves,sr.electromagnetic_field,REQUIRES,"A wave is a propagating disturbance of the unified field, not a separate substance."
sr.electromagnetic_waves,sr.four_current,RELATED,"Source-free waves are described in regions where this current vanishes, even though the current is not part of the wave."
sr.wave_equation,sr.metric_tensor,REQUIRES,"The d'Alembertian uses the metric sign structure to combine time and space derivatives."
sr.wave_equation,sr.vector_potential,REQUIRES,"One electromagnetic wave equation is written for the potential components."
sr.wave_equation,sr.lorenz_gauge,DERIVES_FROM,"The simple potential wave equation appears after imposing this gauge condition."
sr.wave_equation,sr.four_current,REQUIRES,"The sourced version includes the current as the driving term."
sr.electromagnetic_waves,sr.wave_equation,DERIVES_FROM,"The wave concept is realised by source-free propagating solutions of the equation."
sr.radiation_reaction,sr.lorentz_force_law,REQUIRES,"It is a correction to the external-field force picture, so the baseline force law must be understood first."
sr.radiation_reaction,sr.energy_momentum_tensor,DERIVES_FROM,"Energy-momentum carried away by the field motivates the back-reaction on the charge."
sr.radiation_reaction,sr.electromagnetic_waves,DERIVES_FROM,"Accelerated charges radiate waves, and that emitted radiation carries energy-momentum away."
sr.lorentz_invariance,sr.lorentz_transformations,DERIVES_FROM,"The symmetry principle is stated as covariance under these frame transformations."
sr.lorentz_invariance,sr.metric_tensor,DERIVES_FROM,"Metric preservation is the invariant structure that defines Lorentz transformations."
sr.lorentz_invariance,sr.four_vectors,RELATED,"Four-vector notation is a standard way of making Lorentz-covariant laws visible."
sr.lorentz_invariance,sr.field_tensor,RELATED,"The electromagnetic field tensor is a central example of a Lorentz-covariant object."
sr.lorentz_invariance,sr.energy_momentum_tensor,RELATED,"The tensor records energy and momentum in a form that transforms consistently between frames."
sr.gauge_fixing,sr.vector_potential,REQUIRES,"Gauge fixing chooses a representative from the potential descriptions."
sr.gauge_fixing,sr.field_tensor,REQUIRES,"The point of the choice is that the field tensor stays unchanged while the potential representation is restricted."
sr.gauge_fixing,sr.electromagnetic_field,REQUIRES,"The procedure is meaningful because the same physical field can have many potential representatives."
sr.lorenz_gauge,sr.gauge_fixing,INSTANCE_OF,"It is the covariant named example of the general act of choosing a gauge."
sr.gauge_fixing,sr.gauge_invariance,DERIVES_FROM,"Gauge-equivalent descriptions are what make an additional representative-fixing condition possible."
sr.principle_of_relativity,sr.lorentz_invariance,RELATED,"Lorentz invariance is the later mathematical expression of the same no-preferred-inertial-frame idea."
sr.minkowski_diagram,sr.lorentz_transformations,RELATED,"Boosts appear visually as tilted coordinate axes in the diagram."
sr.minkowski_diagram,sr.light_cone,RELATED,"Light cones provide the fixed causal structure that the diagram is designed to show."
sr.momentum_four_vector,sr.metric_tensor,REQUIRES,"The metric is needed to compute the invariant norm and mass-shell relation."
sr.field_equations,sr.maxwells_equations,RELATED,"Maxwell theory is the main worked example of relativistic field equations in the atlas."
sr.field_tensor,sr.metric_tensor,REQUIRES,"Raising and lowering field-tensor indices uses the metric and affects signs in component equations."
sr.poynting_vector,sr.energy_momentum_tensor,COMPONENT_OF,"It appears in the mixed time-space components that describe energy flux and momentum density."
sr.em_stress_energy,sr.energy_momentum_tensor,INSTANCE_OF,"It is the electromagnetic-field case of the general local energy-momentum accounting tensor."
sr.electromagnetic_waves,sr.maxwells_equations,DERIVES_FROM,"The source-free equations imply propagating field solutions."
sr.gauge_fixing,sr.lorentz_invariance,RELATED,"The Lorenz gauge is useful partly because it respects Lorentz-covariant form."
sr.poynting_vector,sr.electric_field,CONSTRUCTED_FROM,"The electric factor is one side of the cross product defining field energy flux."
sr.poynting_vector,sr.magnetic_field,CONSTRUCTED_FROM,"The magnetic factor is the other side of the cross product defining field energy flux."
sr.wave_equation,sr.maxwells_equations,DERIVES_FROM,"Combining Maxwell's equations in potential form produces the electromagnetic wave equation."
sr.light_cone,sr.lorentz_transformations,RELATED,"Lorentz transformations preserve light-cone structure, although the cone is defined by the interval."
sr.position_four_vector,sr.metric_tensor,RELATED,"The metric contracts differences of position four-vectors, but the position vector concept itself does not come from the metric."
sr.lagrangian,sr.proper_time,RELATED,"Proper time is a common invariant ingredient in relativistic particle actions, not part of the general definition of a Lagrangian."
sr.action_principle,sr.proper_time,RELATED,"Relativistic actions often use proper time, but stationarity of action is a broader variational idea."
sr.action_principle,sr.four_vectors,RELATED,"Four-vector contractions supply Lorentz scalars for many relativistic actions, without defining the action principle itself."
sr.electromagnetic_field,sr.lorentz_transformations,REQUIRES,"The unified field idea becomes necessary because electric and magnetic parts mix under boosts."
sr.maxwells_equations,sr.field_tensor,REQUIRES,"The covariant equations are compactly written using the field tensor."
sr.principle_of_relativity,sr.constancy_of_speed_of_light,RELATED,"Together the two postulates constrain how inertial frames can be related."
sr.principle_of_locality,sr.field_equations,RELATED,"Local field equations are a standard way to implement locality mathematically."
sr.principle_of_locality,sr.charge_conservation,RELATED,"Local conservation turns global bookkeeping into point-by-point flow balance."
sr.velocity_four_vector,sr.four_vectors,INSTANCE_OF,"It is the motion-through-spacetime member of the four-vector family."
sr.momentum_four_vector,sr.four_vectors,INSTANCE_OF,"It is the energy-momentum member of the four-vector family."
sr.lagrangian,sr.noether_theorem,RELATED,"Symmetries of the Lagrangian or action are the inputs to Noether's theorem."
sr.canonical_momentum,sr.momentum_four_vector,RELATED,"The comparison exposes the difference between coordinate-conjugate momentum and relativistic four-momentum."
sr.canonical_momentum,sr.vector_potential,RELATED,"Electromagnetic potentials provide the standard example where canonical and mechanical momentum differ."
sr.hamiltonian_formalism,sr.euler_lagrange_equations,RELATED,"When the Legendre transform is valid, Hamilton's equations and Euler-Lagrange equations describe the same dynamics."
sr.noether_theorem,sr.canonical_momentum,RELATED,"The cyclic-coordinate example shows how a conserved canonical momentum arises from a symmetry."
sr.scalar_field,sr.field_lagrangian,RELATED,"Scalar fields are simple variables for introducing field Lagrangian examples."
sr.scalar_field,sr.field_equations,RELATED,"Scalar-field equations provide simple examples of local relativistic field equations."
sr.vector_field,sr.scalar_field,RELATED,"They are contrasting field types, distinguished by how their values transform."
sr.vector_potential,sr.gauge_invariance,RELATED,"Gauge freedom is the main reason the potential is structurally richer than an ordinary vector field."
sr.magnetic_field,sr.electric_field,RELATED,"They are paired frame-dependent components of the same electromagnetic tensor."
