module_id,concept_id,sequence
gr.foundations_and_spacetime_geometry,gr.gravity_as_geometry,10
gr.foundations_and_spacetime_geometry,gr.equivalence_principle,20
gr.foundations_and_spacetime_geometry,gr.local_inertial_frame,30
gr.foundations_and_spacetime_geometry,gr.freely_falling_observer,40
gr.foundations_and_spacetime_geometry,gr.tidal_gravity,50
gr.foundations_and_spacetime_geometry,gr.metric_tensor,60
gr.foundations_and_spacetime_geometry,gr.inverse_metric,70
gr.foundations_and_spacetime_geometry,gr.volume_element,80
gr.foundations_and_spacetime_geometry,gr.line_element,90
gr.foundations_and_spacetime_geometry,gr.proper_time,100
gr.foundations_and_spacetime_geometry,gr.null_curve,110
gr.foundations_and_spacetime_geometry,gr.causal_structure,120
gr.foundations_and_spacetime_geometry,gr.local_flatness,130
gr.foundations_and_spacetime_geometry,gr.metric_signature,140
gr.connections_transport_and_motion,gr.connection,10
gr.connections_transport_and_motion,gr.christoffel_symbols,20
gr.connections_transport_and_motion,gr.covariant_derivative,30
gr.connections_transport_and_motion,gr.metric_compatibility,40
gr.connections_transport_and_motion,gr.torsion_free_connection,50
gr.connections_transport_and_motion,gr.parallel_transport,60
gr.connections_transport_and_motion,gr.geodesic,70
gr.connections_transport_and_motion,gr.geodesic_equation,80
gr.connections_transport_and_motion,gr.geodesic_action,90
gr.connections_transport_and_motion,gr.four_velocity,100
gr.connections_transport_and_motion,gr.four_acceleration,110
gr.connections_transport_and_motion,gr.geodesic_deviation,120
gr.curvature_and_gravitational_action,gr.riemann_tensor,10
gr.curvature_and_gravitational_action,gr.ricci_tensor,20
gr.curvature_and_gravitational_action,gr.ricci_scalar,30
gr.curvature_and_gravitational_action,gr.einstein_tensor,40
gr.curvature_and_gravitational_action,gr.bianchi_identity,50
gr.curvature_and_gravitational_action,gr.curvature_invariants,60
gr.curvature_and_gravitational_action,gr.einstein_hilbert_action,70
gr.matter_and_einstein_equations,gr.stress_energy_tensor,10
gr.matter_and_einstein_equations,gr.perfect_fluid,20
gr.matter_and_einstein_equations,gr.energy_conditions,30
gr.matter_and_einstein_equations,gr.covariant_conservation,40
gr.matter_and_einstein_equations,gr.equation_of_state,50
gr.matter_and_einstein_equations,gr.einstein_field_equations,60
gr.matter_and_einstein_equations,gr.cosmological_constant,70
gr.matter_and_einstein_equations,gr.stress_energy_variation,80
gr.matter_and_einstein_equations,gr.trace_reversed_equations,90
gr.matter_and_einstein_equations,gr.vacuum_field_equations,100
gr.weak_field_and_classical_tests,gr.weak_field_metric,10
gr.weak_field_and_classical_tests,gr.newtonian_limit,20
gr.weak_field_and_classical_tests,gr.gravitational_redshift,30
gr.weak_field_and_classical_tests,gr.light_deflection,40
gr.weak_field_and_classical_tests,gr.perihelion_precession,50
gr.weak_field_and_classical_tests,gr.post_newtonian_approximation,60
gr.schwarzschild_geometry_and_black_holes,gr.schwarzschild_metric,10
gr.schwarzschild_geometry_and_black_holes,gr.schwarzschild_radius,20
gr.schwarzschild_geometry_and_black_holes,gr.event_horizon,30
gr.schwarzschild_geometry_and_black_holes,gr.coordinate_singularity,40
gr.schwarzschild_geometry_and_black_holes,gr.black_hole_singularity,50
gr.schwarzschild_geometry_and_black_holes,gr.effective_potential_orbits,60
math.m01_manifolds_and_coordinates,math.manifold,10
math.m01_manifolds_and_coordinates,math.coordinate_chart,20
math.m01_manifolds_and_coordinates,math.coordinate_transformation,30
math.m01_manifolds_and_coordinates,math.worldline,40
math.m01_manifolds_and_coordinates,math.tangent_space,50
math.m01_manifolds_and_coordinates,math.cotangent_space,60
math.m02_tensor_calculus,math.tensor_field,10
math.m02_tensor_calculus,math.index_notation,20
math.m02_tensor_calculus,math.tensor_transformation_law,30
sr.spacetime_foundations,sr.inertial_frames,10
sr.spacetime_foundations,sr.constancy_of_speed_of_light,20
sr.spacetime_foundations,sr.principle_of_relativity,30
sr.spacetime_foundations,sr.spacetime_event,40
sr.spacetime_foundations,sr.principle_of_locality,50
sr.spacetime_foundations,sr.metric_tensor,60
sr.spacetime_foundations,sr.spacetime_interval,70
sr.spacetime_foundations,sr.lorentz_transformations,80
sr.spacetime_foundations,sr.light_cone,90
sr.spacetime_foundations,sr.minkowski_diagram,100
sr.spacetime_foundations,sr.lorentz_invariance,110
sr.relativistic_mechanics,sr.proper_time,10
sr.relativistic_mechanics,sr.four_vectors,20
sr.relativistic_mechanics,sr.position_four_vector,30
sr.relativistic_mechanics,sr.velocity_four_vector,40
sr.relativistic_mechanics,sr.momentum_four_vector,50
sr.relativistic_mechanics,sr.mass_energy_equivalence,60
sr.variational_and_field_theory,sr.lagrangian,10
sr.variational_and_field_theory,sr.action_principle,20
sr.variational_and_field_theory,sr.euler_lagrange_equations,30
sr.variational_and_field_theory,sr.canonical_momentum,40
sr.variational_and_field_theory,sr.hamiltonian_formalism,50
sr.variational_and_field_theory,sr.scalar_field,60
sr.variational_and_field_theory,sr.vector_field,70
sr.variational_and_field_theory,sr.field_lagrangian,80
sr.variational_and_field_theory,sr.field_equations,90
sr.electromagnetic_structure_gauge_and_stress_energy,sr.vector_potential,10
sr.electromagnetic_structure_gauge_and_stress_energy,sr.field_tensor,20
sr.electromagnetic_structure_gauge_and_stress_energy,sr.electric_field,30
sr.electromagnetic_structure_gauge_and_stress_energy,sr.magnetic_field,40
sr.electromagnetic_structure_gauge_and_stress_energy,sr.electromagnetic_field,50
sr.electromagnetic_structure_gauge_and_stress_energy,sr.gauge_invariance,60
sr.electromagnetic_structure_gauge_and_stress_energy,sr.minimal_coupling,70
sr.electromagnetic_structure_gauge_and_stress_energy,sr.lorentz_force_law,80
sr.electromagnetic_structure_gauge_and_stress_energy,sr.lorenz_gauge,90
sr.electromagnetic_structure_gauge_and_stress_energy,sr.poynting_vector,100
sr.electromagnetic_structure_gauge_and_stress_energy,sr.em_stress_energy,110
sr.electromagnetic_structure_gauge_and_stress_energy,sr.em_energy_density,120
sr.electromagnetic_structure_gauge_and_stress_energy,sr.gauge_fixing,130
sr.field_dynamics_conservation_and_radiation,sr.noether_theorem,10
sr.field_dynamics_conservation_and_radiation,sr.four_current,20
sr.field_dynamics_conservation_and_radiation,sr.maxwells_equations,30
sr.field_dynamics_conservation_and_radiation,sr.charge_conservation,40
sr.field_dynamics_conservation_and_radiation,sr.energy_momentum_tensor,50
sr.field_dynamics_conservation_and_radiation,sr.wave_equation,60
sr.field_dynamics_conservation_and_radiation,sr.electromagnetic_waves,70
sr.field_dynamics_conservation_and_radiation,sr.radiation_reaction,80
