module_id,title,dominant_mnemonic,icon_design,detail_design,avoid,icon_caption,detail_caption
sr.spacetime_foundations,SR-1 Spacetime and Lorentz Symmetry,Luminous event inside symmetric spacetime geometry,"A light-cone diamond, invariant interval curves, and two equally weighted inertial frames around one event.","Enrich the same motif with labelled primed and unprimed axes while keeping the invariant event central.",A catalogue of member concepts or a privileged observer,"A luminous event and two equal inertial frames identify flat spacetime and Lorentz symmetry.","The light cone, interval curves, and primed and unprimed axes evoke the invariant spacetime structure shared by inertial observers."
sr.relativistic_mechanics,SR-2 Relativistic Particle Mechanics,Massive particle carrying proper time and four-momentum,"A bright particle on a timelike worldline with proper-time ticks and a bold four-momentum arrow.","Enrich the same motif with four-velocity and a restrained energy-momentum badge.",A Newtonian-only trajectory or a construction chain,"A massive particle carries proper time and four-momentum along its timelike worldline.","Proper-time ticks follow the particle's worldline while four-velocity and four-momentum connect motion, energy, and momentum."
sr.variational_and_field_theory,SR-3 Action and Field Theory,Stationary action through a field landscape,"Several possible paths cross a softly contoured field landscape; one amber stationary path is visually selected.","Retain the field contours and alternative paths while adding endpoint and stationary-action cues.",A procedural flowchart or a list of formalisms,"One distinguished path through a field landscape evokes stationary action and field dynamics.","Among nearby possibilities, the amber path makes the action stationary; the surrounding contours suggest the field description shared by particle and field theories."
sr.electromagnetic_structure_gauge_and_stress_energy,SR-4 Covariant Electromagnetism,Interlocked electric and magnetic field structure,"Blue and red field ribbons interlock around a compact covariant field core.","Identify the electric and magnetic aspects around the central field tensor and add a restrained gauge cue.",Circuit diagrams or separate unrelated electric and magnetic pictures,"Interlocked electric and magnetic ribbons surround one covariant electromagnetic field.","Electric and magnetic aspects are unified in the field tensor; the small gauge cue recalls that different potentials can represent the same field."
sr.field_dynamics_conservation_and_radiation,SR-5 Field Dynamics and Radiation,Fields propagating outward from a local source,"A compact source launches paired field waves along a clear outward energy-flow arrow.","Retain the radiation silhouette while labelling the paired fields, energy flux, and local source.",A radio transmitter or decorative lightning,"Paired field waves carry energy outward from a compact local source.","Coupled electric and magnetic disturbances propagate away from a local source, with the green arrow marking outward field-energy transport."
gr.foundations_and_spacetime_geometry,GR-1 Foundations of Curved Spacetime,A luminous free-fall path crossing a warped spacetime tapestry,"A gently warped coordinate tapestry carries one warm luminous free-fall path through its centre.","Retain the chapter-opening image and add only restrained line-element and proper-time marks.",A mass on a rubber sheet or a catalogue of tensors,"A luminous free-fall path crosses the woven geometry of curved spacetime.","The warped tapestry evokes spacetime geometry as the setting itself; the unforced amber path and proper-time mark suggest local free fall within it."
gr.connections_transport_and_motion,GR-2 Connections and Geodesics,A geometric compass carried intact along a sweeping path,"Three coloured geometric compasses follow a green geodesic across a softly curved surface.","Retain the travelling compass motif and add only restrained covariant-derivative and path marks.",A derivation of the geodesic equation or a road-map metaphor,"A geometric compass is carried along a sweeping geodesic.","The repeated compass keeps its identity while turning along the path, serving as an emblem for connection, parallel transport, and geodesic motion."
gr.curvature_and_gravitational_action,GR-3 Curvature and Gravitational Action,A heraldic curvature rosette inside an action halo,"Four coloured curvature arcs form a compact rosette enclosed by an amber action ring.","Retain the heraldic emblem and add only restrained curvature and stationary-action marks.",An index-heavy tensor diagram or a procedural contraction chart,"A curvature rosette sits within the golden ring of gravitational action.","Interwoven curvature arcs gather into one geometric emblem, while the surrounding amber halo evokes the action that turns curvature into dynamics."
gr.matter_and_einstein_equations,GR-4 Matter and Einstein Equations,Curved geometry held in balance with luminous matter,"A blue geometric weave and a warm matter sphere face one another across a golden balance mark.","Retain the balanced chapter emblem and add only restrained geometric and matter-tensor initials.",A literal equation derivation or a list of matter models,"Curved geometry and luminous matter meet across a golden balance.","The two contrasting forms evoke Einstein's central dialogue: matter shapes geometry and geometry governs the motion of matter."
gr.weak_field_and_classical_tests,GR-5 Weak-Field Gravity,A solar medallion crossed by orbit and bent light,"A warm central sun is encircled by a precessing red orbit and crossed by a blue light ray that bends nearby.","Retain the astronomical medallion and add only restrained light and potential cues.",A checklist of experimental tests or a Newtonian force diagram,"Orbit and light curve around a sun in the weak gravitational field.","The solar emblem gathers the classical weak-field signatures into one image: orbital precession, light deflection, and the small potential underlying familiar gravity."
gr.schwarzschild_geometry_and_black_holes,GR-6 Schwarzschild Black Holes,A dark horizon wrapped by a brilliant photon ring,"A black circular horizon interrupts a glowing flattened ring against a sparse deep-blue star field.","Retain the stark silhouette and add only a restrained Schwarzschild-radius mark.",A science-fiction accretion scene or a cutaway technical diagram,"A dark horizon is wrapped by the brilliant ring of Schwarzschild geometry.","The central absence and lensed ring form a memorable black-hole silhouette, while the sparse radius mark ties it specifically to Schwarzschild geometry."
