block_id,module_id,sequence,kind,title,body
gr.m01_motivation_and_equivalence.overview,gr.m01_motivation_and_equivalence,10,overview,Module overview,"This module opens the GR atlas by explaining why gravity is reinterpreted as spacetime geometry. It links the equivalence principle, local inertial frames, freely falling observers, and tidal gravity into the first conceptual bridge from special relativity to curvature."
gr.m02_tensor_calculus_on_spacetime.overview,gr.m02_tensor_calculus_on_spacetime,10,overview,Module overview,"This module introduces the metric as a tensor field and the basic tensor-calculus tools needed to use it. The emphasis is on \(g_{\mu\nu}\), its inverse, and the invariant volume element as the first working language for curved spacetime."
gr.m03_metric_geometry.overview,gr.m03_metric_geometry,10,overview,Module overview,"This module shows how the metric determines intervals, clock readings, lightlike directions, causal structure, and local flatness. It is the metric-geometry foundation for later geodesics, curvature, horizons, and field equations."
gr.m04_connections_and_covariant_derivatives.overview,gr.m04_connections_and_covariant_derivatives,10,overview,Module overview,"This module introduces the geometric rule for comparing vectors at neighbouring events. Connections, Christoffel symbols, covariant derivatives, metric compatibility, vanishing torsion, and parallel transport provide the differentiation language needed for geodesics and curvature."
gr.m05_geodesics_and_free_fall.overview,gr.m05_geodesics_and_free_fall,10,overview,Module overview,"This module connects spacetime geometry to physical free fall. Geodesics, their coordinate and variational equations, four-velocity, four-acceleration, and geodesic deviation distinguish inertial falling motion from supported motion and expose tidal curvature."
gr.m06_curvature.overview,gr.m06_curvature,10,overview,Module overview,"This module defines spacetime curvature and its principal contractions. The Riemann, Ricci, scalar, and Einstein tensors connect transport and tidal effects to divergence-free geometry, while Bianchi identities and scalar invariants provide consistency and diagnostic tools."
gr.m07_matter_stress_energy_and_conservation.overview,gr.m07_matter_stress_energy_and_conservation,10,overview,Module overview,"This module develops the matter side of general relativity. Stress-energy, perfect-fluid models, energy conditions, covariant conservation, and equations of state describe local sources and the assumptions needed to connect them consistently to spacetime geometry."
gr.m08_einstein_field_equations.overview,gr.m08_einstein_field_equations,10,overview,Module overview,"This module brings geometry and matter together in Einstein's field equations. It introduces the cosmological term, variational derivation, matter-action source, trace-reversed form, and vacuum equations while keeping conventions and special cases explicit."
gr.m09_weak_field_and_newtonian_limit.overview,gr.m09_weak_field_and_newtonian_limit,10,overview,Module overview,"This module connects Einstein gravity to weak-field observations and Newtonian intuition. Metric perturbations, the Newtonian limit, redshift, light bending, perihelion advance, and post-Newtonian bookkeeping show how measurable corrections emerge from the full theory."
gr.m10_schwarzschild_geometry_and_black_holes.overview,gr.m10_schwarzschild_geometry_and_black_holes,10,overview,Module overview,"This module develops the central exact vacuum geometry around a spherical mass. The Schwarzschild metric and radius lead to horizons, the distinction between coordinate and curvature singularities, and an effective-potential description of timelike and null orbits."
math.m01_manifolds_and_coordinates.overview,math.m01_manifolds_and_coordinates,10,overview,Module overview,"This module supplies the minimal geometric language needed when spacetime can no longer be covered by one global inertial coordinate system. Manifolds, charts, coordinate transformations, worldlines, tangent spaces, and cotangent spaces provide the local stage on which GR is written."
math.m02_tensor_calculus.overview,math.m02_tensor_calculus,10,overview,Module overview,"This module collects the reusable tensor notation needed by GR and later physics topics. Tensor fields, index conventions, and transformation laws explain how equations can use coordinate components while still making coordinate-independent statements."
sr.m01_foundational_postulates.overview,sr.m01_foundational_postulates,10,overview,Module overview,"This module states the core physical assumptions of special relativity: inertial frames, the constancy of light speed, and the principle of relativity. These postulates set the constraints that force a new geometry of space and time."
sr.m02_observers_and_events.overview,sr.m02_observers_and_events,10,overview,Module overview,"This module introduces events as the basic spacetime objects and locality as the rule that physical laws are tested in small neighbourhoods. It prepares the move from everyday observer language to precise spacetime geometry."
sr.m03_minkowski_geometry.overview,sr.m03_minkowski_geometry,10,overview,Module overview,"This module develops the flat spacetime geometry of SR. The metric, interval, Lorentz transformations, light cones, and Minkowski diagrams turn the postulates into a geometric framework where different inertial observers agree on invariant structure."
sr.m04_relativistic_kinematics.overview,sr.m04_relativistic_kinematics,10,overview,Module overview,"This module builds the main particle-kinematics tools of SR. Proper time and four-vectors lead to position, velocity, momentum, and mass-energy equivalence as invariant ways to describe motion and energy."
sr.m05_variational_mechanics.overview,sr.m05_variational_mechanics,10,overview,Module overview,"This module recasts mechanics in the action-based language used throughout modern field theory. Lagrangians, Euler-Lagrange equations, canonical momentum, Hamiltonian ideas, and Noether's theorem connect dynamics with symmetry and conservation."
sr.m06_field_foundations.overview,sr.m06_field_foundations,10,overview,Module overview,"This module shifts attention from particles to fields. Scalar and vector fields, field Lagrangians, and field equations establish the local dynamical language needed for electromagnetism and later relativistic field theories."
sr.m07_electromagnetic_field.overview,sr.m07_electromagnetic_field,10,overview,Module overview,"This module builds the relativistic electromagnetic field from potentials, the field tensor, electric and magnetic components, four-current, and Maxwell's equations. It shows how familiar electromagnetism fits into the spacetime language of SR."
sr.m08_gauge_symmetry_and_interaction.overview,sr.m08_gauge_symmetry_and_interaction,10,overview,Module overview,"This module explains how charged matter interacts with the electromagnetic potential and why gauge freedom is not optional decoration. Gauge invariance, minimal coupling, the Lorentz force, charge conservation, and Lorenz gauge form the main interaction toolkit."
sr.m09_energy_and_momentum_in_fields.overview,sr.m09_energy_and_momentum_in_fields,10,overview,Module overview,"This module tracks energy and momentum carried by fields. The energy-momentum tensor, electromagnetic stress-energy, energy density, and Poynting vector connect local field dynamics to conserved flow of energy and momentum."
sr.m10_waves_and_radiation.overview,sr.m10_waves_and_radiation,10,overview,Module overview,"This module studies propagating disturbances in relativistic fields. The wave equation, electromagnetic waves, and radiation reaction show how field equations produce radiation and how emitted fields carry energy and momentum away."
sr.m11_symmetry_and_invariance_principles.overview,sr.m11_symmetry_and_invariance_principles,10,overview,Module overview,"This module gathers higher-level symmetry ideas that organise the earlier material. Lorentz invariance and gauge fixing clarify which structures are physically meaningful and which are choices of description."
