question_id,concept_id,sequence,pedagogical_level,question_type,prompt,answer
sr.principle_of_relativity.q1,sr.principle_of_relativity,10,,multiple_choice,"A student says, 'If two labs move uniformly relative to each other, one lab may need different laws of mechanics because it is really moving.' Which reply best matches the principle of relativity?

A. The lab with the smaller speed has the more correct laws
B. Uniform motion does not make one inertial frame physically privileged; the same laws apply in both
C. The laws agree only for optical experiments
D. Different inertial frames must disagree about every measured quantity","B. The principle of relativity says no inertial frame is physically privileged.

Observers may assign different coordinates, times, or velocities, but the form of the physical laws is the same in every inertial frame."
sr.principle_of_relativity.q2,sr.principle_of_relativity,20,,short_answer,A sealed train moves smoothly at constant speed. Why can local experiments inside the train not reveal its uniform motion?,"Because the train is approximately an inertial frame. The principle of relativity says local laws of physics have the same form in every inertial frame, so experiments with balls, springs, clocks, or light pulses inside the sealed train do not single out whether the train is 'really' moving uniformly."
sr.principle_of_relativity.q3,sr.principle_of_relativity,30,,short_answer,Two inertial frames move at constant relative speed. Observer A measures a lab experiment and Observer B measures the corresponding experiment in their own frame. Must they agree on every coordinate value? Must they agree on the form of the law?,"They need not agree on every coordinate value. In special relativity they can disagree about times, distances, simultaneity, and velocities. But they must agree on the form of the physical law. That is the point of the principle of relativity: no inertial frame is physically privileged."
sr.constancy_of_speed_of_light.q1,sr.constancy_of_speed_of_light,10,,multiple_choice,"Two observers moving relative to each other both measure the speed of the same vacuum light pulse. Which conclusion forces a change from Galilean ideas?

A. The observer chasing the pulse measures a smaller light speed
B. The observer moving toward the pulse measures a larger light speed
C. Only the source's rest frame can measure light correctly
D. Both observers measure the same speed, so their space and time measurements cannot transform Galileanly","D. If both inertial observers measure the same vacuum light speed, then distance and time measurements must adjust together.

That is why Lorentz transformations replace Galilean transformations in special relativity."
sr.constancy_of_speed_of_light.q2,sr.constancy_of_speed_of_light,20,,short_answer,Why is this postulate more radical than saying 'light is very fast'?,"The radical part is not the large numerical value of \(c\). It is that different inertial observers, moving relative to one another, still measure the same value for the same vacuum light pulse. That cannot fit Galilean ideas of absolute time and simple velocity addition."
sr.constancy_of_speed_of_light.q3,sr.constancy_of_speed_of_light,30,,calculation,"Using \(c=3.0\times10^8\,\mathrm{m\,s^{-1}}\), how far does light travel in \(2.0\,\mu\mathrm{s}\)?","Use \(d=ct\). Since
\[ t=2.0\,\mu\mathrm{s}=2.0\times10^{-6}\,\mathrm{s}, \]
we get
\[ d=(3.0\times10^8)(2.0\times10^{-6})=6.0\times10^2\,\mathrm m. \]
So light travels about \(600\,\mathrm m\)."
sr.inertial_frames.q1,sr.inertial_frames,10,,multiple_choice,"Which situation is the best approximation to the reference frames used when first formulating special relativity?

A. A car braking sharply at traffic lights
B. A lift just as its cable tension changes
C. A spacecraft coasting far from forces with constant velocity
D. A train rounding a bend at constant speed","C. A coasting spacecraft far from significant forces is approximately inertial.

In an inertial frame, free particles move in straight lines at constant velocity; acceleration or rotation spoils that clean reference case."
sr.inertial_frames.q2,sr.inertial_frames,20,,short_answer,Why does special relativity focus first on inertial frames rather than all possible observers?,"Inertial frames are the clean baseline: they are not accelerating, so free motion has its simplest form. Special relativity compares descriptions made by these non-accelerating observers. Accelerating observers can detect their acceleration locally, so they are not equivalent in the same simple way."
sr.inertial_frames.q3,sr.inertial_frames,30,,calculation,"A particle in an inertial frame has position \(x(t)=4+3t\), with \(x\) in metres and \(t\) in seconds. What is its velocity and acceleration? Why is this inertial-frame motion for a free particle?","Differentiate the position:
\[ v=\frac{dx}{dt}=3\,\mathrm{m\,s^{-1}}. \]
Differentiate again:
\[ a=\frac{d^2x}{dt^2}=0. \]
The velocity is constant and acceleration is zero, which is the expected free-particle motion in an inertial frame."
sr.spacetime_event.q1,sr.spacetime_event,10,,multiple_choice,"Which description is most precise if you want to mark one point in spacetime rather than an extended process?

A. A train journey from London to Edinburgh
B. A detector click at a specified position and time
C. A planet's whole orbit
D. A light beam crossing a laboratory over several nanoseconds","B. A detector click at a specified position and time is a spacetime event.

An event is a single where-and-when. Extended histories, such as journeys or orbits, are made from many events."
sr.spacetime_event.q2,sr.spacetime_event,20,,short_answer,Why can different observers disagree about the coordinates of an event without disagreeing about the event itself?,"Coordinates are labels assigned by a chosen frame. Different inertial observers use different coordinate systems, so they can assign different time and position coordinates to the same physical occurrence. The event is the occurrence itself; the coordinates are the frame-dependent description."
sr.spacetime_event.q3,sr.spacetime_event,30,,calculation,"A flash occurs at \(x=300\,\mathrm m\) and \(t=2.0\,\mu\mathrm s\) in one frame. Using \(c=3.0\times10^8\,\mathrm{m\,s^{-1}}\), what is the time coordinate \(ct\) in metres? Why is this useful?","Compute
\[ ct=(3.0\times10^8)(2.0\times10^{-6})=600\,\mathrm m. \]
So the event can be labelled as \((ct,x)=(600\,\mathrm m,300\,\mathrm m)\) in a one-space-one-time description. Writing time as \(ct\) puts time and space coordinates in the same units."
sr.principle_of_locality.q1,sr.principle_of_locality,10,,multiple_choice,"A charge is shaken here and a distant charge responds only after an electromagnetic disturbance has had time to arrive. Which principle is this illustrating?

A. Gauge fixing
B. Mass-energy equivalence
C. Hamiltonian evolution
D. Locality: influences are mediated through nearby field values rather than instant action at a distance","D. This is locality.

Relativistic field equations describe point-by-point influence through local field values, with signals propagating at finite speed rather than acting instantly across distance."
sr.principle_of_locality.q2,sr.principle_of_locality,20,,short_answer,Why do fields fit naturally with locality?,"A field assigns values to spacetime points, and field equations relate values and derivatives locally. This lets a disturbance propagate from one region to nearby regions over time, instead of one object instantly acting on another far away."
sr.principle_of_locality.q3,sr.principle_of_locality,30,,calculation,"A charge is shaken and an electromagnetic disturbance travels outward at \(c\). If another charge is \(900\,\mathrm m\) away, what is the earliest time it can respond? Use \(c=3.0\times10^8\,\mathrm{m\,s^{-1}}\).","Use \(t=d/c\):
\[ t=\frac{900}{3.0\times10^8}=3.0\times10^{-6}\,\mathrm s. \]
So the earliest response is after about \(3.0\,\mu\mathrm s\). Locality forbids an instantaneous response at zero time delay."
sr.lorentz_transformations.q1,sr.lorentz_transformations,10,,multiple_choice,"A proposed transformation between inertial coordinates changes the value of \(c^2\Delta t^2-\Delta x^2-\Delta y^2-\Delta z^2\). What should you conclude?

A. It is a Lorentz transformation with unusual units
B. It is valid only for massive particles
C. It is not a Lorentz transformation
D. It proves that light speed is frame-dependent","C. Lorentz transformations preserve the spacetime interval.

If a coordinate transformation changes \(c^2\Delta t^2-\Delta\mathbf x^2\), it does not have the defining geometric property of a Lorentz transformation."
sr.lorentz_transformations.q2,sr.lorentz_transformations,20,,short_answer,Why do Lorentz transformations mix space and time coordinates?,"They must allow different inertial observers to describe the same events while preserving the light cone and spacetime interval. Because light speed is invariant, a change of frame cannot leave time and space as independent absolute quantities; time and space coordinates mix so that lightlike intervals remain lightlike."
sr.lorentz_transformations.q3,sr.lorentz_transformations,30,,calculation,"For a boost along \(x\), use
\[ ct'=\gamma(ct-\beta x), \qquad x'=\gamma(x-\beta ct). \]
If \(\beta=0.6\), \(\gamma=1.25\), \(ct=10\,\mathrm m\), and \(x=4\,\mathrm m\), compute \(ct'\) and \(x'\).","Substitute the values:
\[ ct'=1.25(10-0.6\times4)=1.25(7.6)=9.5\,\mathrm m, \]
\[ x'=1.25(4-0.6\times10)=1.25(-2)=-2.5\,\mathrm m. \]
The same event receives different coordinates in the boosted frame."
sr.spacetime_interval.q1,sr.spacetime_interval,10,,multiple_choice,"Two observers disagree about \(\Delta t\) and \(\Delta x\) for the same pair of events, but both compute the same value of \(c^2\Delta t^2-\Delta\mathbf x^2\). What role is that shared value playing?

A. It is the ordinary Euclidean distance between the events
B. It is the invariant spacetime interval
C. It is the relative speed of the observers
D. It is the electromagnetic field strength","B. The shared value is the spacetime interval.

Individual coordinate differences can change between inertial frames, but the interval is preserved by Lorentz transformations."
sr.spacetime_interval.q2,sr.spacetime_interval,20,,short_answer,Why do the minus signs in \(c^2\Delta t^2-\Delta\mathbf x^2\) matter?,"The minus signs make spacetime geometry different from Euclidean geometry. They allow separations to be timelike, lightlike, or spacelike. For light, the time and space terms exactly balance, giving \(\Delta s^2=0\). This classification is shared by all inertial observers."
sr.spacetime_interval.q3,sr.spacetime_interval,30,,calculation,"An event pair has \(c\Delta t=10\,\mathrm m\), \(\Delta x=6\,\mathrm m\), \(\Delta y=8\,\mathrm m\), and \(\Delta z=0\). Compute \(\Delta s^2\) and classify the separation.","Compute
\[ \Delta s^2=10^2-6^2-8^2-0^2=100-36-64=0. \]
The separation is lightlike. This is the spacetime version of a light signal satisfying spatial distance \(=c\Delta t\)."
sr.metric_tensor.q1,sr.metric_tensor,10,,multiple_choice,"You calculate \(A_\mu A^\mu\) using \(A^\mu=(A^0,A^1,A^2,A^3)\) and get \((A^0)^2-(A^1)^2-(A^2)^2-(A^3)^2\). Which metric convention are you using?

A. \(\mathrm{diag}(1,1,1,1)\)
B. \(\mathrm{diag}(-1,1,1,1)\)
C. \(\mathrm{diag}(0,1,1,1)\)
D. \(\mathrm{diag}(1,-1,-1,-1)\)","D. This is the \(+---\) convention, with
\[ \eta_{\mu\nu}=\mathrm{diag}(1,-1,-1,-1). \]
The minus signs on the spatial components are what distinguish Minkowski geometry from Euclidean geometry."
sr.metric_tensor.q2,sr.metric_tensor,20,,short_answer,What role does the metric tensor play when computing spacetime intervals?,"The metric supplies the bilinear measuring rule. For a displacement \(\Delta x^\mu=(c\Delta t,\Delta x,\Delta y,\Delta z)\), the interval is
\[ \Delta s^2=\eta_{\mu\nu}\Delta x^\mu\Delta x^\nu. \]
With the \(+---\) metric this becomes time contribution minus spatial contributions."
sr.metric_tensor.q3,sr.metric_tensor,30,,calculation,"For \(x^\mu=(ct,x,y,z)=(5,3,0,0)\) in metres, compute \(s^2=\eta_{\mu\nu}x^\mu x^\nu\) using the \(+---\) metric.","Using
\[ s^2=(ct)^2-x^2-y^2-z^2, \]
we get
\[ s^2=5^2-3^2-0-0=25-9=16\,\mathrm{m^2}. \]
The positive result means this displacement is timelike with this convention."
sr.light_cone.q1,sr.light_cone,10,,multiple_choice,"A separation from an event has \(\Delta s^2<0\). Where is it relative to that event's light cone?

A. Outside the light cone, so it is spacelike
B. Exactly on the light cone
C. Inside the future light cone
D. Inside the past light cone only","A. With the \(+---\) convention, \(\Delta s^2<0\) is spacelike.

The event lies outside the light cone, so no signal travelling at or below \(c\) can connect the two events."
sr.light_cone.q2,sr.light_cone,20,,short_answer,"Why do all inertial observers agree about whether a separation is inside, on, or outside the light cone?","The classification comes from the sign of the spacetime interval \(\Delta s^2\). Lorentz transformations preserve this interval, so observers may draw different axes but they agree whether the separation is timelike, lightlike, or spacelike."
sr.light_cone.q3,sr.light_cone,30,,short_answer,"An event has \(c\Delta t=5\,\mathrm m\) and spatial separation \(|\Delta\mathbf x|=7\,\mathrm m\). Is it inside, on, or outside the light cone?","Compute
\[ \Delta s^2=(c\Delta t)^2-|\Delta\mathbf x|^2=5^2-7^2=25-49=-24\,\mathrm{m^2}. \]
The interval is negative, so the separation is spacelike: it lies outside the light cone and cannot be reached by a signal moving at or below \(c\)."
sr.minkowski_diagram.q1,sr.minkowski_diagram,10,,multiple_choice,"On a Minkowski diagram, the \(ct'\)-axis for a moving observer is drawn tilted relative to \(ct\). What does that tilted axis represent?

A. The path of a light ray in every frame
B. A line of constant laboratory time
C. The worldline of the moving frame's spatial origin
D. The electromagnetic field direction","C. The \(ct'\)-axis is the worldline of the moving frame's origin.

For a frame moving at speed \(v\), that origin follows \(x=vt\) in the unprimed diagram."
sr.minkowski_diagram.q2,sr.minkowski_diagram,20,,short_answer,"In a one-space-one-time Minkowski diagram, why are light rays often drawn at 45 degrees?","If the vertical axis is \(ct\) and the horizontal axis is \(x\), light satisfies \(x=\pm ct\). With equal scales on the two axes, those equations are diagonal 45-degree lines. They mark the light cone boundaries in the diagram."
sr.minkowski_diagram.q3,sr.minkowski_diagram,30,,short_answer,"In a Minkowski diagram, the \(ct'\)-axis of a frame moving at speed \(v\) is the worldline \(x=vt\). If \(v=0.5c\), what is \(x\) when \(ct=8\,\mathrm m\)?","Since \(v=0.5c\), we have
\[ x=vt=0.5ct. \]
For \(ct=8\,\mathrm m\),
\[ x=0.5(8)=4\,\mathrm m. \]
So the moving frame's time axis passes through the point \((ct,x)=(8\,\mathrm m,4\,\mathrm m)\)."
sr.proper_time.q1,sr.proper_time,10,,multiple_choice,"Two clocks separate, follow different timelike paths, and reunite. They need not show the same elapsed time. Which quantity is each clock directly measuring along its own path?

A. Coordinate time in the original frame
B. Coordinate distance divided by \(c\)
C. The value of the electromagnetic potential
D. Proper time along its worldline","D. Each clock measures proper time along its own worldline.

Proper time is built from the spacetime interval, so different paths between the same meetings can accumulate different elapsed proper times."
sr.proper_time.q2,sr.proper_time,20,,short_answer,Why is proper time a natural parameter for relativistic particle motion?,"Proper time belongs to the particle's own worldline, not to an arbitrary observer's coordinate system. Since it is invariant, differentiating with respect to \(\tau\) produces objects such as the velocity four-vector that transform cleanly between inertial frames."
sr.proper_time.q3,sr.proper_time,30,,calculation,"A particle moves at constant speed \(v=0.8c\) for a coordinate time \(dt=10\,\mathrm s\) in one inertial frame. Using
\[ d\tau=dt\sqrt{1-v^2/c^2}, \]
calculate the elapsed proper time.","First compute the square-root factor:
\[ \sqrt{1-v^2/c^2}=\sqrt{1-0.8^2}=\sqrt{0.36}=0.6. \]
Therefore
\[ d\tau=10(0.6)=6\,\mathrm s. \]
The moving clock records \(6\,\mathrm s\) of proper time along that segment."
sr.four_vectors.q1,sr.four_vectors,10,,multiple_choice,"A list of four numbers is measured in one frame. What extra test must it pass before it deserves to be called a four-vector?

A. Its four components must all be positive
B. Its components must transform under Lorentz transformations like \(\Delta x^\mu\)
C. Its spatial components must vanish in every frame
D. Its Euclidean length must be invariant","B. A four-vector is defined by its Lorentz transformation law.

The components may change between frames, but they must change in the same structured way as spacetime displacement components."
sr.four_vectors.q2,sr.four_vectors,20,,short_answer,Why are scalar products such as \(A_\mu B^\mu\) important?,"They are invariant contractions. The metric combines the components so that observers in different inertial frames agree on the scalar value, even though they may disagree on the individual components of \(A^\mu\) and \(B^\mu\)."
sr.four_vectors.q3,sr.four_vectors,30,,calculation,"Using the \(+---\) metric, calculate the invariant square of
\[ A^\mu=(5,3,4,0). \]
Is it timelike, lightlike, or spacelike?","With the \(+---\) metric,
\[ A_\mu A^\mu=(A^0)^2-(A^1)^2-(A^2)^2-(A^3)^2. \]
So
\[ A_\mu A^\mu=5^2-3^2-4^2-0^2=25-9-16=0. \]
The four-vector is lightlike."
sr.position_four_vector.q1,sr.position_four_vector,10,,multiple_choice,"Why is the time coordinate written as \(ct\) in \(x^\mu=(ct,x,y,z)\)?

A. To make time disappear from the theory
B. To force all events to be lightlike
C. To give the time component the same dimensions as the spatial components
D. To make Lorentz transformations nonlinear","C. Multiplying by \(c\) gives the time component dimensions of length.

Then the four components of \(x^\mu=(ct,x,y,z)\) can be combined naturally in the spacetime interval."
sr.position_four_vector.q2,sr.position_four_vector,20,,short_answer,Why are differences between position four-vectors especially important?,"The position of one event depends on the chosen origin, but the difference between two event positions describes their spacetime separation. Contracting that displacement with the metric gives the invariant spacetime interval."
sr.position_four_vector.q3,sr.position_four_vector,30,,calculation,"An event occurs at \(t=4.0\,\mathrm{ns}\), \(x=0.8\,\mathrm m\), \(y=0\), \(z=0\). Using \(c=3.0\times10^8\,\mathrm{m\,s^{-1}}\), write its position four-vector components in metres.","First convert the time component:
\[ ct=(3.0\times10^8)(4.0\times10^{-9})=1.2\,\mathrm m. \]
So
\[ x^\mu=(1.2\,\mathrm m,0.8\,\mathrm m,0,0). \]
The event's time and space coordinates are now packaged with the same units."
sr.velocity_four_vector.q1,sr.velocity_four_vector,10,,multiple_choice,"A student differentiates \(x^\mu\) with respect to coordinate time \(t\) and expects a four-vector. What correction is needed?

A. Differentiate \(x^\mu\) with respect to proper time \(\tau\) instead
B. Differentiate only the spatial components
C. Set the time component to zero
D. Replace velocity with canonical momentum","A. The velocity four-vector is
\[ U^\mu=\frac{dx^\mu}{d\tau}. \]
Using proper time rather than coordinate time is what makes the result transform as a four-vector."
sr.velocity_four_vector.q2,sr.velocity_four_vector,20,,short_answer,Why is ordinary three-velocity \(\mathbf v=d\mathbf x/dt\) not itself a four-vector?,"Ordinary velocity uses one observer's coordinate time \(t\), which is frame-dependent. The velocity four-vector instead differentiates the position four-vector with respect to invariant proper time \(\tau\), giving
\[ U^\mu=\gamma(c,\mathbf v). \]"
sr.velocity_four_vector.q3,sr.velocity_four_vector,30,,calculation,"A particle moves with \(v=0.6c\) along the \(x\)-axis. Using \(\gamma=1.25\), write \(U^\mu=\gamma(c,\mathbf v)\) in units of \(c\).","In units of \(c\), the ordinary velocity is \(\mathbf v=(0.6c,0,0)\). Thus
\[ U^\mu=\gamma(c,0.6c,0,0)=1.25(c,0.6c,0,0). \]
So
\[ U^\mu=(1.25c,0.75c,0,0). \]
A quick check gives \(U_\mu U^\mu=(1.25^2-0.75^2)c^2=c^2\)."
sr.momentum_four_vector.q1,sr.momentum_four_vector,10,,multiple_choice,"In one frame a particle has more energy and more three-momentum than in another frame, yet both observers describe the same physical object. Which invariant quantity keeps the descriptions tied together?

A. \(E+pc\)
B. \(\mathbf p^2+E^2\)
C. \(\gamma v\)
D. \(p_\mu p^\mu=m^2c^2\)","D. The invariant square of four-momentum is
\[ p_\mu p^\mu=m^2c^2. \]
Energy and three-momentum are frame-dependent components, but this contraction is frame-independent."
sr.momentum_four_vector.q2,sr.momentum_four_vector,20,,short_answer,Why is the invariant square \(p^\mu p_\mu=m^2c^2\) useful?,"It gives a frame-independent relation between energy, momentum, and mass:
\[ p^\mu p_\mu=\frac{E^2}{c^2}-\mathbf p^2=m^2c^2. \]
Multiplying by \(c^2\) gives the energy-momentum relation
\[ E^2=\mathbf p^2c^2+m^2c^4. \]"
sr.momentum_four_vector.q3,sr.momentum_four_vector,30,,calculation,"A particle has mass \(m=2\,\mathrm{kg}\) and moves at speed \(v=0.6c\), so \(\gamma=1.25\). Calculate its energy in units of \(c^2\), and its momentum in units of \(c\).","The energy is
\[ E=\gamma mc^2=1.25(2)c^2=2.5c^2. \]
The momentum magnitude is
\[ p=\gamma mv=1.25(2)(0.6c)=1.5c. \]
So
\[ p^\mu=(E/c,p,0,0)=(2.5c,1.5c,0,0). \]"
sr.mass_energy_equivalence.q1,sr.mass_energy_equivalence,10,,multiple_choice,"A box is at rest before and after it emits radiation, and its internal energy has decreased. What should happen to its invariant mass?

A. It must increase because radiation was emitted
B. It decreases by \(\Delta E/c^2\)
C. It is unchanged because the box is at rest
D. It becomes zero if the box has no momentum","B. Losing internal energy decreases the system's invariant mass by
\[ \Delta m=\frac{\Delta E}{c^2}. \]
Rest energy is part of the system's mass-energy content even when total three-momentum is zero."
sr.mass_energy_equivalence.q2,sr.mass_energy_equivalence,20,,short_answer,Why is \(E_0=mc^2\) best read as a statement about rest energy rather than as 'mass turning into energy'?,"A body at rest still has a nonzero time component of four-momentum. The invariant mass measures the system's total energy-momentum content. If a system loses internal energy, its invariant mass can decrease by \(\Delta E/c^2\), but energy is not a separate substance into which mass magically turns."
sr.mass_energy_equivalence.q3,sr.mass_energy_equivalence,30,,calculation,"A system loses \(9.0\times10^{16}\,\mathrm J\) of internal energy. Using \(c=3.0\times10^8\,\mathrm{m\,s^{-1}}\), what is the corresponding mass decrease?","Use
\[ \Delta m=\frac{\Delta E}{c^2}. \]
Since
\[ c^2=(3.0\times10^8)^2=9.0\times10^{16}\,\mathrm{m^2\,s^{-2}}, \]
we get
\[ \Delta m=\frac{9.0\times10^{16}}{9.0\times10^{16}}=1.0\,\mathrm{kg}. \]
The invariant mass decreases by \(1.0\,\mathrm{kg}\)."
sr.action_principle.q1,sr.action_principle,10,,multiple_choice,"When applying the action principle, why do we compare nearby possible histories with the same endpoints?

A. To find the path with the largest speed at every point
B. To make the potential energy vanish
C. To identify the history for which the first-order change in action is zero
D. To avoid using a Lagrangian","C. The physical history makes the action stationary.

That means the first-order change in \(S\) vanishes under allowed variations of the path with fixed endpoints; it does not necessarily mean shortest distance."
sr.action_principle.q2,sr.action_principle,20,,short_answer,"In the action principle, why does stationary not necessarily mean shortest or smallest?","Stationary means that the first-order change vanishes under small allowed variations. A minimum is one kind of stationary point, but a maximum or saddle point can also have zero first-order change. The key condition is \(\delta S=0\), not that \(S\) must be the smallest possible number."
sr.action_principle.q3,sr.action_principle,30,,short_answer,"Suppose nearby trial paths are labelled by a small parameter \(a\), and their action is
\[ S(a)=10+3a^2. \]
At \(a=0\), is the action stationary? Is it a minimum?","Differentiate:
\[ \frac{dS}{da}=6a. \]
At \(a=0\), \(dS/da=0\), so the action is stationary. Since
\[ \frac{d^2S}{da^2}=6>0, \]
it is also a minimum. The action principle needs stationarity; in this simple example the stationary path also minimizes \(S\)."
sr.lagrangian.q1,sr.lagrangian,10,,multiple_choice,"Suppose two proposed Lagrangians give the same Euler-Lagrange equations but differ by a total time derivative. How should you interpret this?

A. They can describe the same dynamics because the action changes only by endpoint terms
B. One must be rejected because \(L\) itself is directly observable
C. Both must give zero forces
D. The one with the larger numerical value is more physical","A. Lagrangians that differ by a total time derivative can give the same equations of motion.

The action changes only by endpoint terms, so the stationary-path condition is unchanged for fixed endpoints."
sr.lagrangian.q2,sr.lagrangian,20,,short_answer,"For many simple nonrelativistic systems,
\[ L=T-V. \]
Why should a student not treat this as the definition of a Lagrangian?","Because \(T-V\) is a common example, not the general definition. More generally, a Lagrangian is the local rule inserted into the action. It is chosen to encode the physics of the system. In relativistic settings this choice is constrained by Lorentz covariance, so \(L\), or the action directly, must be built from invariant quantities."
sr.lagrangian.q3,sr.lagrangian,30,,calculation,"A particle of mass \(m=2\,\mathrm{kg}\) moves in one dimension with velocity \(\dot x=3\,\mathrm{m\,s^{-1}}\). Its potential energy at that position is \(V=5\,\mathrm{J}\).

Using
\[ L=T-V, \qquad T=\frac12 m\dot x^2, \]
calculate \(L\).","First calculate the kinetic energy:
\[ T=\frac12 m\dot x^2 = \frac12(2)(3^2)=9\,\mathrm{J}. \]
Then
\[ L=T-V=9-5=4\,\mathrm{J}. \]
So the Lagrangian value at that instant is \(L=4\,\mathrm{J}\). This is not the whole action; the action comes from accumulating \(L\) over time."
sr.euler_lagrange_equations.q1,sr.euler_lagrange_equations,10,,multiple_choice,"You are given an action \(S=\int L(q,\dot q,t)dt\) and want local equations of motion. Which step expresses the stationarity condition in differential form?

A. Set \(L=0\)
B. Replace \(q\) by \(ct\)
C. Demand \(\partial L/\partial \dot q=0\) only
D. Apply \(\frac{d}{dt}\frac{\partial L}{\partial\dot q}-\frac{\partial L}{\partial q}=0\)","D. The Euler-Lagrange equation is
\[ \frac{d}{dt}\frac{\partial L}{\partial\dot q}-\frac{\partial L}{\partial q}=0. \]
It converts the stationary-action statement into a local equation of motion."
sr.euler_lagrange_equations.q2,sr.euler_lagrange_equations,20,,short_answer,"For
\[ L=\frac12m\dot x^2-V(x), \]
show briefly how the Euler-Lagrange equation gives Newton's law for a conservative force.","Compute the two terms:
\[ \frac{\partial L}{\partial\dot x}=m\dot x, \qquad \frac{d}{dt}\frac{\partial L}{\partial\dot x}=m\ddot x, \]
and
\[ \frac{\partial L}{\partial x}=-\frac{dV}{dx}. \]
The Euler-Lagrange equation gives
\[ m\ddot x+\frac{dV}{dx}=0, \]
so
\[ m\ddot x=-\frac{dV}{dx}=F. \]"
sr.euler_lagrange_equations.q3,sr.euler_lagrange_equations,30,,short_answer,"A mass on a spring has
\[ L=\frac12m\dot x^2-\frac12kx^2. \]
If \(m=2\,\mathrm{kg}\), \(k=8\,\mathrm{N\,m^{-1}}\), and \(x=0.5\,\mathrm m\), what acceleration does the Euler-Lagrange equation predict at that instant?","The Euler-Lagrange equation gives
\[ m\ddot x+kx=0, \]
so
\[ \ddot x=-\frac{k}{m}x. \]
Substitute the numbers:
\[ \ddot x=-\frac{8}{2}(0.5)=-2\,\mathrm{m\,s^{-2}}. \]
The acceleration points back toward equilibrium."
sr.hamiltonian_formalism.q1,sr.hamiltonian_formalism,10,,multiple_choice,"Why is Hamiltonian formalism often useful after a Lagrangian description has been found?

A. It removes the need for initial data
B. It rewrites dynamics in terms of coordinates and momenta, often making energy and evolution structure clearer
C. It works only for electromagnetic waves
D. It makes all relativistic effects vanish","B. Hamiltonian formalism uses coordinates and canonical momenta as phase-space variables.

This often gives a clearer view of conserved energy, evolution, and the structure behind dynamics."
sr.hamiltonian_formalism.q2,sr.hamiltonian_formalism,20,,short_answer,What is the Legendre-transform relation between the Hamiltonian and the Lagrangian?,"After defining the canonical momentum and solving for velocity in terms of \(q\) and \(p\), the Hamiltonian is formed as
\[ H(q,p,t)=p\dot q-L(q,\dot q,t). \]
Conceptually, this replaces velocity dependence with momentum dependence."
sr.hamiltonian_formalism.q3,sr.hamiltonian_formalism,30,,calculation,"For a free particle with
\[ L=\frac12m\dot x^2, \qquad p=m\dot x, \]
take \(m=2\,\mathrm{kg}\) and \(\dot x=3\,\mathrm{m\,s^{-1}}\). Compute \(p\) and \(H=p\dot x-L\).","First compute the canonical momentum:
\[ p=m\dot x=2(3)=6\,\mathrm{kg\,m\,s^{-1}}. \]
The Lagrangian value is
\[ L=\frac12(2)(3^2)=9\,\mathrm J. \]
Then
\[ H=p\dot x-L=6(3)-9=9\,\mathrm J. \]
For this free particle, the Hamiltonian equals the kinetic energy."
sr.canonical_momentum.q1,sr.canonical_momentum,10,,multiple_choice,"A system includes a velocity-dependent interaction, so the canonical momentum is not simply \(m\dot q\). Which definition should you use?

A. \(p=qL\)
B. \(p=\partial L/\partial q\)
C. \(p=\partial L/\partial\dot q\)
D. \(p=L/\dot q\)","C. Canonical momentum is defined by
\[ p=\frac{\partial L}{\partial\dot q}. \]
It is conjugate to the coordinate \(q\), and velocity-dependent interactions can make it differ from ordinary mechanical momentum."
sr.canonical_momentum.q2,sr.canonical_momentum,20,,short_answer,Why is canonical momentum not always the same thing as mechanical momentum?,"Canonical momentum is defined by the velocity dependence of the Lagrangian. In simple free-particle cases this gives \(p=m\dot q\), matching mechanical momentum. But if the Lagrangian contains velocity-dependent interaction terms, such as electromagnetic coupling to a vector potential, \(\partial L/\partial\dot q\) can include extra potential-dependent pieces."
sr.canonical_momentum.q3,sr.canonical_momentum,30,,calculation,"In a one-dimensional toy model for a charged particle, suppose
\[ L=\frac12m\dot x^2+qA\dot x-q\phi, \]
where \(A\) and \(\phi\) do not depend on \(\dot x\). Find the canonical momentum. If \(m=2\), \(\dot x=3\), \(q=1.5\), and \(A=4\), what is \(p\)?","Differentiate with respect to \(\dot x\):
\[ p=\frac{\partial L}{\partial\dot x}=m\dot x+qA. \]
The scalar-potential term \(-q\phi\) contributes nothing because it has no \(\dot x\). Numerically,
\[ p=2(3)+1.5(4)=6+6=12. \]
This illustrates why canonical momentum can differ from mechanical momentum \(m\dot x\)."
sr.noether_theorem.q1,sr.noether_theorem,10,,multiple_choice,"A Lagrangian is unchanged under spatial translations. What should you expect from Noether's theorem?

A. A conserved momentum associated with that symmetry
B. A violation of charge conservation
C. A preferred inertial frame
D. A gauge condition for \(A_\mu\)","A. Noether's theorem connects continuous symmetries to conserved quantities.

Spatial translation symmetry gives conservation of momentum; time translation symmetry similarly gives conservation of energy."
sr.noether_theorem.q2,sr.noether_theorem,20,,short_answer,"Which conservation law is associated with each symmetry?

1. Time translation symmetry
2. Spatial translation symmetry
3. Rotational symmetry","The usual associations are:

1. Time translation symmetry gives conservation of energy.
2. Spatial translation symmetry gives conservation of momentum.
3. Rotational symmetry gives conservation of angular momentum.

Noether's theorem explains these as consequences of symmetries of the action, not as unrelated facts."
sr.noether_theorem.q3,sr.noether_theorem,30,,calculation,"A free particle has
\[ L=\frac12m\dot x^2. \]
This Lagrangian has no explicit dependence on \(x\) or \(t\). For \(m=2\,\mathrm{kg}\) and \(\dot x=3\,\mathrm{m\,s^{-1}}\), calculate the conserved momentum and energy.","No explicit \(x\) dependence signals spatial-translation symmetry, so momentum is conserved:
\[ p=m\dot x=2(3)=6\,\mathrm{kg\,m\,s^{-1}}. \]
No explicit \(t\) dependence signals time-translation symmetry, so energy is conserved. For this free particle,
\[ E=\frac12m\dot x^2=\frac12(2)(3^2)=9\,\mathrm J. \]"
sr.scalar_field.q1,sr.scalar_field,10,,multiple_choice,"A temperature-like quantity has one value at each spacetime event and does not point in any direction. What kind of relativistic field is this closest to?

A. A four-current
B. A vector field
C. A field tensor
D. A scalar field","D. A scalar field assigns one scalar value to each spacetime event.

It has no direction or index structure, though its numerical value can vary from event to event."
sr.scalar_field.q2,sr.scalar_field,20,,short_answer,How does a scalar field transform under a Lorentz transformation?,"If \(x\rightarrow x'\), the scalar transformation law is
\[ \phi'(x')=\phi(x). \]
The value is invariant at the event. This contrasts with a vector field, whose components mix between frames."
sr.scalar_field.q3,sr.scalar_field,30,,calculation,"Suppose a scalar field in one frame is \(\phi(t,x)=2t+x\), using units where \(c=1\). At an event with \(t=3\) and \(x=4\), what scalar value must every observer agree on for that same event?","Evaluate the field at the event:
\[ \phi=2t+x=2(3)+4=10. \]
Another observer may use different coordinates \((t',x')\) for the same event, but the transformed scalar field satisfies \(\phi'(x')=10\)."
sr.vector_field.q1,sr.vector_field,10,,multiple_choice,"At every spacetime event, a field assigns components that transform like a four-vector. What is the key difference from a scalar field?

A. It cannot vary in space
B. It has direction/component structure as well as spacetime dependence
C. It is always gauge-invariant
D. It must have zero time component","B. A vector field assigns a four-vector to each event.

Unlike a scalar field, it has components that mix under Lorentz transformations, so its direction/component structure matters."
sr.vector_field.q2,sr.vector_field,20,,short_answer,Why is a vector field not just four unrelated scalar fields?,Because its components mix under Lorentz transformations. Four unrelated scalar fields would each keep their own value at an event. A vector field's components are tied together by the four-vector transformation law.
sr.vector_field.q3,sr.vector_field,30,,calculation,"A vector field has components \(A^\mu=(2,1,0,0)\) at an event. For a boost with \(\beta=0.6\), \(\gamma=1.25\), use
\[ A'^0=\gamma(A^0-\beta A^1), \qquad A'^1=\gamma(A^1-\beta A^0). \]
Find \(A'^0\) and \(A'^1\).","Substitute the numbers:
\[ A'^0=1.25(2-0.6\times1)=1.25(1.4)=1.75, \]
\[ A'^1=1.25(1-0.6\times2)=1.25(-0.2)=-0.25. \]
The components change and mix, which is the point of calling this object a vector field."
sr.field_lagrangian.q1,sr.field_lagrangian,10,,multiple_choice,"For a relativistic field theory, why do we usually build the field Lagrangian from scalars made out of fields and derivatives?

A. Scalars are easier to plot
B. Scalars make every field constant
C. A scalar action supports Lorentz-invariant field equations
D. Scalar expressions remove the need for boundary conditions","C. The action should be a Lorentz scalar.

Building the field Lagrangian density from scalar combinations helps ensure the resulting field equations respect Lorentz invariance."
sr.field_lagrangian.q2,sr.field_lagrangian,20,,short_answer,Why is \(\mathcal L\) called a density rather than just the Lagrangian \(L\)?,"For particles, the action integrates \(L\) over time. For fields, there are degrees of freedom at every spacetime point, so the action integrates a local density \(\mathcal L\) over spacetime volume \(d^4x\). The density is the local contribution per spacetime volume."
sr.field_lagrangian.q3,sr.field_lagrangian,30,,short_answer,"Suppose a field Lagrangian density is constant, \(\mathcal L=3\), over a spacetime region with four-volume \(\Delta^4x=5\) in some chosen units. What is the action contribution from that region?","For a constant density over the region,
\[ S=\int \mathcal L\,d^4x=\mathcal L\Delta^4x. \]
Thus
\[ S=3\times5=15 \]
in the corresponding action units. Real field theories usually have \(\mathcal L\) varying from event to event, but the density-times-volume idea is the same."
sr.field_equations.q1,sr.field_equations,10,,multiple_choice,"After choosing a field Lagrangian density, what plays the role analogous to Newton's equations for the field?

A. The field equations obtained by varying the action
B. The graph layout coordinates
C. The choice of units only
D. The list of possible gauge functions","A. Field equations are obtained by varying the action with respect to the fields.

They are the local differential equations that determine how the fields behave in spacetime."
sr.field_equations.q2,sr.field_equations,20,,short_answer,How do field equations extend the Euler-Lagrange idea from particle mechanics?,"Particle mechanics varies paths \(q(t)\). Field theory varies fields \(\phi_a(x)\). The field Euler-Lagrange equations replace ordinary coordinate and velocity dependence with dependence on fields and spacetime derivatives:
\[ \frac{\partial \mathcal L}{\partial \phi_a}-\partial_\mu\left(\frac{\partial \mathcal L}{\partial(\partial_\mu\phi_a)}\right)=0. \]"
sr.field_equations.q3,sr.field_equations,30,,short_answer,"In one spatial dimension, the source-free wave equation can be written
\[ \frac{1}{c^2}\frac{\partial^2\phi}{\partial t^2}-\frac{\partial^2\phi}{\partial x^2}=0. \]
For a trial wave \(\phi=\sin(kx-\omega t)\), what relation between \(\omega\) and \(k\) makes this equation hold?","For \(\phi=\sin(kx-\omega t)\),
\[ \frac{\partial^2\phi}{\partial t^2}=-\omega^2\phi, \qquad \frac{\partial^2\phi}{\partial x^2}=-k^2\phi. \]
Substitute into the wave equation:
\[ -\frac{\omega^2}{c^2}\phi+k^2\phi=0. \]
For a nonzero wave, this requires
\[ \omega^2=c^2k^2, \]
or \(\omega=ck\) for positive frequency."
sr.vector_potential.q1,sr.vector_potential,10,,multiple_choice,"Two potentials that differ by a gauge transformation can give the same electromagnetic field. What does this suggest about \(A_\mu\)?

A. It is directly unique and observable component by component
B. It is unrelated to electric or magnetic fields
C. It is a useful potential with some descriptive redundancy
D. It must vanish in the Lorenz gauge","C. The vector potential is a useful field variable, but it has gauge redundancy.

Different \(A_\mu\) choices can produce the same physical field tensor \(F_{\mu
u}\)."
sr.vector_potential.q2,sr.vector_potential,20,,short_answer,Why should a student not think of \(A_\mu\) as directly the observable electric or magnetic field?,"The observable electromagnetic field is represented by \(F_{\mu\nu}\), built from derivatives of \(A_\mu\). Different potentials can describe the same physical field because of gauge freedom. So \(A_\mu\) is a potential structure, not simply the directly observed \(\mathbf E\) or \(\mathbf B\)."
sr.vector_potential.q3,sr.vector_potential,30,,calculation,"Using the convention \(A^\mu=(\phi/c,\mathbf A)\), take \(c=3.0\times10^8\,\mathrm{m\,s^{-1}}\), \(\phi=6.0\times10^8\,\mathrm V\), and \(\mathbf A=(1,2,0)\) in suitable units. What is \(A^0=\phi/c\), and what are the four components of \(A^\mu\)?","Compute the time component:
\[ A^0=\frac{\phi}{c}=\frac{6.0\times10^8}{3.0\times10^8}=2. \]
So, with the given spatial vector potential,
\[ A^\mu=(2,1,2,0). \]
The exact units depend on convention, but the packaging idea is the main point."
sr.field_tensor.q1,sr.field_tensor,10,,multiple_choice,"Why is \(F_{\mu\nu}\) a better relativistic object than treating \(\mathbf E\) and \(\mathbf B\) as unrelated fields?

A. It removes magnetic effects entirely
B. It is a scalar with one component
C. It depends on the observer's coordinates but not on fields
D. It packages electric and magnetic components into one Lorentz-transforming tensor","D. \(F_{\mu\nu}\) packages \(\mathbf E\) and \(\mathbf B\) into one antisymmetric tensor.

Lorentz transformations can mix what observers call electric and magnetic components, so the tensor is the unified relativistic object."
sr.field_tensor.q2,sr.field_tensor,20,,short_answer,"The field tensor is defined by
\[ F_{\mu\nu}=\partial_\mu A_\nu-\partial_\nu A_\mu. \]
Explain why this implies \(F_{\mu\nu}=-F_{\nu\mu}\). What does this say about the diagonal components?","Swapping \(\mu\) and \(\nu\) reverses the two terms:
\[ F_{\nu\mu}=\partial_\nu A_\mu-\partial_\mu A_\nu=-F_{\mu\nu}. \]
So the tensor is antisymmetric. On the diagonal, \(F_{\mu\mu}=-F_{\mu\mu}\), which means \(F_{\mu\mu}=0\)."
sr.field_tensor.q3,sr.field_tensor,30,,short_answer,"A \(4\times4\) tensor has 16 components. If \(F_{\mu\nu}\) is antisymmetric and all diagonal components vanish, how many independent components remain? Why is this number physically suggestive?","The diagonal gives 4 zero components. The remaining off-diagonal components come in opposite-sign pairs: \(F_{\mu\nu}=-F_{\nu\mu}\).

There are
\[ \frac{4\times3}{2}=6 \]
independent off-diagonal components. This is physically suggestive because the electromagnetic field has three electric-field components and three magnetic-field components."
sr.electric_field.q1,sr.electric_field,10,,short_answer,"An observer changes inertial frame and part of what was called electric field mixes with magnetic components. What is the safest relativistic way to identify the electric field?

A. Use only the spatial-spatial part of the metric
B. Read the appropriate time-space components of \(F_{\mu
u}\) in that observer's frame
C. Set \(\mathbf B=0\) by definition
D. Use the scalar field value at the event","B. In a given inertial frame, electric field components are read from the time-space parts of \(F_{\mu
u}\).

Different observers may split the same tensor into \(\mathbf E\) and \(\mathbf B\) differently."
sr.electric_field.q2,sr.electric_field,20,,short_answer,Why is the electric field described as frame-dependent in this graph?,"The electric field is one observer's split of the electromagnetic field tensor into electric and magnetic parts. Another observer moving relative to the first can decompose the same tensor differently, so what counts as electric and magnetic can mix between frames."
sr.electric_field.q3,sr.electric_field,30,,calculation,"In one dimension, suppose the scalar potential is \(\phi(x)=10-2x\) and \(\partial\mathbf A/\partial t=0\). Using
\[ E_x=-\frac{d\phi}{dx}, \]
find \(E_x\).","Differentiate the potential:
\[ \frac{d\phi}{dx}=-2. \]
Therefore
\[ E_x=-\frac{d\phi}{dx}=-(-2)=2. \]
In the chosen units, the electric field points in the positive \(x\) direction."
sr.magnetic_field.q1,sr.magnetic_field,10,,short_answer,"In the field tensor picture, where should you look for the magnetic field components in a chosen inertial frame?

A. In the spatial-spatial antisymmetric components of \(F_{\mu
u}\)
B. Only in the trace of \(F_{\mu
u}\)
C. In the scalar potential alone
D. In the spacetime interval","A. The magnetic field is encoded in the spatial-spatial antisymmetric components of \(F_{\mu
u}\).

Together with the time-space electric components, these form the full electromagnetic field tensor."
sr.magnetic_field.q2,sr.magnetic_field,20,,short_answer,Why does relativity discourage treating magnetic and electric fields as completely separate substances?,"Because they are frame-dependent components of one electromagnetic field tensor. A change of inertial frame can mix what one observer calls electric with what another calls magnetic. The covariant object is \(F_{\mu\nu}\), not two unrelated fields."
sr.magnetic_field.q3,sr.magnetic_field,30,,calculation,"For a simple vector potential \(\mathbf A=(-By/2, Bx/2,0)\), compute
\[ B_z=\frac{\partial A_y}{\partial x}-\frac{\partial A_x}{\partial y}. \]","Here
\[ A_y=\frac{Bx}{2}, \qquad A_x=-\frac{By}{2}. \]
So
\[ \frac{\partial A_y}{\partial x}=\frac{B}{2}, \qquad \frac{\partial A_x}{\partial y}=-\frac{B}{2}. \]
Therefore
\[ B_z=\frac{B}{2}-\left(-\frac{B}{2}\right)=B. \]
The vector potential represents a uniform magnetic field in the \(z\) direction."
sr.electromagnetic_field.q1,sr.electromagnetic_field,10,,multiple_choice,"A relativistic observer wants one object representing the physical electromagnetic field, independent of a particular electric/magnetic split. Which object should they use?

A. The Lagrangian alone
B. The canonical momentum only
C. The field tensor \(F_{\mu
u}\)
D. The coordinate time \(t\)","C. The electromagnetic field is represented relativistically by \(F_{\mu
u}\).

The electric and magnetic fields are frame-dependent ways of decomposing that one tensor."
sr.electromagnetic_field.q2,sr.electromagnetic_field,20,,short_answer,What does it mean to say \(\mathbf E\) and \(\mathbf B\) are observer-dependent decompositions?,"It means an observer chooses a time direction and spatial axes, then reads electric and magnetic components from \(F_{\mu\nu}\). Another inertial observer can split the same tensor differently, so the underlying field is the tensor while \(\mathbf E\) and \(\mathbf B\) are frame-specific descriptions."
sr.electromagnetic_field.q3,sr.electromagnetic_field,30,,short_answer,"In a chosen frame an electromagnetic field has \(\mathbf E=(3,0,0)\) and \(\mathbf B=(0,4,0)\) in suitable units. How many component numbers are being specified, and why does that match the independent components of \(F_{\mu\nu}\)?","The electric field has three components and the magnetic field has three components, for a total of six numbers. An antisymmetric \(4\times4\) tensor also has
\[ \frac{4\times3}{2}=6 \]
independent components. This is why \(F_{\mu\nu}\) can package \(\mathbf E\) and \(\mathbf B\) together."
sr.maxwells_equations.q1,sr.maxwells_equations,10,,multiple_choice,"If Maxwell's equations are written covariantly, what advantage is gained?

A. They no longer describe electric fields
B. They apply only in the rest frame of a charge
C. They avoid derivatives
D. Their Lorentz-invariant structure becomes explicit through tensors such as \(F_{\mu
u}\) and \(j^\mu\)","D. The covariant form writes Maxwell's equations using relativistic tensors and four-vectors.

This makes their Lorentz-invariant structure explicit and packages the familiar equations compactly."
sr.maxwells_equations.q2,sr.maxwells_equations,20,,short_answer,Why do the homogeneous Maxwell equations follow naturally from writing \(F_{\mu\nu}=\partial_\mu A_\nu-\partial_\nu A_\mu\)?,"Because \(F_{\mu\nu}\) is built from an antisymmetric derivative of the potential. When derivatives are combined cyclically, the second-derivative terms cancel because partial derivatives commute. This gives the homogeneous equations, often written as
\[ \partial_\lambda F_{\mu\nu}+\partial_\mu F_{\nu\lambda}+\partial_\nu F_{\lambda\mu}=0. \]"
sr.maxwells_equations.q3,sr.maxwells_equations,30,,short_answer,"In a source-free region, \(j^\nu=0\). What does the sourced covariant Maxwell equation reduce to? Why does this not mean the field must be zero?","If \(j^\nu=0\), then
\[ \partial_\mu F^{\mu\nu}=0. \]
This says the field has no local source in that region. It does not force \(F^{\mu\nu}=0\); source-free electromagnetic waves can still propagate through the region, carrying energy and momentum."
sr.lorenz_gauge.q1,sr.lorenz_gauge,10,,multiple_choice,"You want Maxwell's equations for the potential to simplify into a clean wave equation while keeping Lorentz covariance manifest. Which gauge condition is designed for this?

A. \(A_\mu=0\) everywhere
B. \(\partial_\mu A^\mu=0\)
C. \(F_{\mu
u}=0\)
D. \(j^\mu=\partial^\mu\Lambda\)","B. The Lorenz gauge condition is
\[ \partial_\mu A^\mu=0. \]
It is especially useful because it simplifies the potential form of Maxwell's equations into wave-equation form."
sr.lorenz_gauge.q2,sr.lorenz_gauge,20,,short_answer,Why is the Lorenz gauge useful in the potential form of Maxwell's equations?,"It respects Lorentz covariance and simplifies the equations for the vector potential. With the Lorenz gauge imposed, Maxwell's equations for the potential take a wave-equation form, schematically
\[ \Box A^\mu=\mu_0j^\mu. \]"
sr.lorenz_gauge.q3,sr.lorenz_gauge,30,,short_answer,"In a two-coordinate toy example, suppose the divergence condition reduces to
\[ \partial_t A^0+\partial_x A^1=0. \]
If \(A^0=2t\) and \(A^1=-2x\), does this satisfy the gauge condition?","Compute the derivatives:
\[ \partial_t A^0=2, \qquad \partial_x A^1=-2. \]
So
\[ \partial_t A^0+\partial_x A^1=2-2=0. \]
In this simplified example, the Lorenz-type gauge condition is satisfied."
sr.gauge_invariance.q1,sr.gauge_invariance,10,,multiple_choice,"A calculation changes \(A_\mu\) but leaves every component of \(F_{\mu
u}\) unchanged. How should this be interpreted?

A. As a gauge change, not a change of the physical electromagnetic field
B. As a violation of Lorentz invariance
C. As a change in the speed of light
D. As proof that charge is not conserved","A. If \(F_{\mu\nu}\) is unchanged, the physical electromagnetic field is unchanged.

A transformation such as \(A_\mu\to A_\mu+\partial_\mu\Lambda\) changes the potential description but not the gauge-invariant field tensor."
sr.gauge_invariance.q2,sr.gauge_invariance,20,,short_answer,Why does \(F_{\mu\nu}\) remain unchanged under \(A_\mu\rightarrow A_\mu+\partial_\mu\Lambda\)?,"Substitute the transformed potential into
\[ F_{\mu\nu}=\partial_\mu A_\nu-\partial_\nu A_\mu. \]
The new terms are
\[ \partial_\mu\partial_\nu\Lambda-\partial_\nu\partial_\mu\Lambda. \]
These cancel because partial derivatives commute. Therefore the field tensor is unchanged."
sr.gauge_invariance.q3,sr.gauge_invariance,30,,calculation,"Let \(\Lambda(x,y)=3xy\). Compute
\[ \partial_x\partial_y\Lambda-\partial_y\partial_x\Lambda. \]
What does this illustrate about gauge invariance?","First,
\[ \partial_y\Lambda=3x, \qquad \partial_x\partial_y\Lambda=3. \]
Also,
\[ \partial_x\Lambda=3y, \qquad \partial_y\partial_x\Lambda=3. \]
So
\[ \partial_x\partial_y\Lambda-\partial_y\partial_x\Lambda=3-3=0. \]
This is the cancellation that prevents a gauge transformation from changing \(F_{\mu\nu}\)."
sr.four_current.q1,sr.four_current,10,,multiple_choice,"A source term must describe both charge density and current density in a Lorentz-covariant way. Which object does that?

A. The metric tensor
B. The scalar potential only
C. The four-current \(j^\mu\)
D. Proper time","C. The four-current \(j^\mu\) combines charge density and current density into one four-vector.

It is the natural source object in the covariant form of Maxwell's equations."
sr.four_current.q2,sr.four_current,20,,short_answer,Why is charge density alone not enough for a relativistic source description?,"Different observers can disagree about charge density and current density when charges are moving. These quantities transform into one another as components of the four-current, so the covariant source is \(j^\mu\), not \(\rho\) by itself."
sr.four_current.q3,sr.four_current,30,,calculation,"A region has charge density \(\rho=2\,\mathrm{C\,m^{-3}}\) and current density \(\mathbf j=(3,4,0)\,\mathrm{A\,m^{-2}}\). Using \(c=3.0\times10^8\,\mathrm{m\,s^{-1}}\), write \(j^\mu=(c\rho,\mathbf j)\).","Compute the time component:
\[ c\rho=(3.0\times10^8)(2)=6.0\times10^8. \]
Thus
\[ j^\mu=(6.0\times10^8,3,4,0) \]
in the corresponding units. The large time component reflects the factor of \(c\) in the chosen convention."
sr.minimal_coupling.q1,sr.minimal_coupling,10,,multiple_choice,"In a Lagrangian, the replacement from free-particle momentum to an electromagnetic-coupled expression is made with the least extra structure needed to respect gauge symmetry. What idea is being used?

A. Mass-energy equivalence
B. Light-cone classification
C. Radiation reaction
D. Minimal coupling","D. This is minimal coupling.

It introduces electromagnetic interaction through the potential in the simplest gauge-compatible way, for example through combinations related to \(p_\mu-eA_\mu\)."
sr.minimal_coupling.q2,sr.minimal_coupling,20,,short_answer,Why does minimal coupling help explain the difference between canonical and mechanical momentum?,"When a charged particle couples to the vector potential, the Lagrangian or momentum structure contains potential-dependent terms. The canonical momentum is defined from the Lagrangian, so it can include \(A_\mu\)-dependent pieces, while mechanical momentum tracks the particle's motion."
sr.minimal_coupling.q3,sr.minimal_coupling,30,,short_answer,"In one component, suppose a gauge-covariant momentum combination is
\[ p-eA. \]
If \(p=10\), \(e=2\), and \(A=3\), what is \(p-eA\)?","Substitute the values:
\[ p-eA=10-2(3)=10-6=4. \]
The interaction with the potential changes the momentum combination that enters the coupled dynamics."
sr.lorentz_force_law.q1,sr.lorentz_force_law,10,,multiple_choice,"A charged particle moving parallel to a magnetic field feels no magnetic part of the Lorentz force, but an electric field can still accelerate it. Which expression captures both effects?

A. \(m\mathbf v\)
B. \(e(\mathbf E+\mathbf v\times\mathbf B)\)
C. \(\nabla\cdot\mathbf B\)
D. \(\partial_\mu A^\mu\)","B. The Lorentz force is
\[ \mathbf F=e(\mathbf E+\mathbf v\times\mathbf B). \]
The magnetic part depends on the cross product, so it vanishes when \(\mathbf v\) is parallel to \(\mathbf B\)."
sr.lorentz_force_law.q2,sr.lorentz_force_law,20,,short_answer,What is the covariant meaning of the Lorentz force law?,"Covariantly, the field tensor acts on the particle's velocity four-vector to change its momentum four-vector:
\[ \frac{dp^\mu}{d\tau}=eF^\mu{}_{\nu}U^\nu. \]
This packages electric and magnetic force effects into one relativistic equation."
sr.lorentz_force_law.q3,sr.lorentz_force_law,30,,calculation,"A particle with charge \(e=2\) has velocity \(\mathbf v=(1,0,0)\). The fields are \(\mathbf E=(0,3,0)\) and \(\mathbf B=(0,0,4)\) in compatible units. Compute \(\mathbf F=e(\mathbf E+\mathbf v\times\mathbf B)\).","First compute the cross product:
\[ \mathbf v\times\mathbf B=(1,0,0)\times(0,0,4)=(0,-4,0). \]
Then
\[ \mathbf E+\mathbf v\times\mathbf B=(0,3,0)+(0,-4,0)=(0,-1,0). \]
Multiplying by \(e=2\):
\[ \mathbf F=(0,-2,0). \]"
sr.charge_conservation.q1,sr.charge_conservation,10,,multiple_choice,"A small region has more electric charge flowing out than flowing in. What must happen to the charge density inside that region?

A. It decreases, as expressed locally by the continuity equation
B. It increases regardless of the current
C. It stays fixed because charge conservation is global only
D. It becomes gauge-dependent","A. If more charge flows out than in, the local charge density decreases.

The covariant statement is \(\partial_\mu j^\mu=0\), which is the relativistic continuity equation for charge."
sr.charge_conservation.q2,sr.charge_conservation,20,,short_answer,Why does charge conservation follow from the sourced Maxwell equation?,"Taking the divergence of
\[ \partial_\mu F^{\mu\nu}=\mu_0j^\nu \]
gives a double derivative of the antisymmetric field tensor. The double derivative is symmetric in the derivative indices, while \(F^{\mu\nu}\) is antisymmetric, so the left-hand side vanishes. Therefore \(\partial_\nu j^\nu=0\)."
sr.charge_conservation.q3,sr.charge_conservation,30,,short_answer,"In one spatial dimension, the continuity equation is
\[ \frac{\partial\rho}{\partial t}+\frac{\partial j_x}{\partial x}=0. \]
If \(\partial j_x/\partial x=5\,\mathrm{C\,m^{-3}\,s^{-1}}\), what is \(\partial\rho/\partial t\)?","Rearrange the continuity equation:
\[ \frac{\partial\rho}{\partial t}=-\frac{\partial j_x}{\partial x}. \]
Thus
\[ \frac{\partial\rho}{\partial t}=-5\,\mathrm{C\,m^{-3}\,s^{-1}}. \]
The charge density decreases locally because current is flowing out faster than it flows in."
sr.em_energy_density.q1,sr.em_energy_density,10,,multiple_choice,"In a region with no particles present, strong electric and magnetic fields can still store something physically measurable. What is it?

A. Proper time
B. Gauge choice
C. Electromagnetic energy density
D. Rest mass of the vacuum","C. Electromagnetic fields carry energy density.

In SI form this includes terms proportional to \(E^2\) and \(B^2\), so stronger fields store more energy per unit volume."
sr.em_energy_density.q2,sr.em_energy_density,20,,short_answer,Why does the formula contain squared field strengths?,The local energy stored in the electromagnetic field grows with field strength. Squaring the field magnitudes makes the energy density positive and means stronger electric or magnetic fields store more energy per unit volume.
sr.em_energy_density.q3,sr.em_energy_density,30,,calculation,"In simplified units where \(\epsilon_0=1\) and \(1/\mu_0=1\), compute
\[ u=\frac12(E^2+B^2) \]
for \(E=3\) and \(B=4\).","Substitute the values:
\[ u=\frac12(3^2+4^2)=\frac12(9+16)=\frac{25}{2}=12.5. \]
The field energy density is \(12.5\) in the chosen units."
sr.poynting_vector.q1,sr.poynting_vector,10,,multiple_choice,"A beam of light transfers energy across a surface and can exert radiation pressure. Which field quantity points in the direction of energy flow?

A. The scalar potential
B. The metric tensor
C. Proper time
D. The Poynting vector \(\mathbf S\)","D. The Poynting vector \(\mathbf S\) gives electromagnetic energy flux.

Its direction is the direction energy flows, and the associated momentum density is \(\mathbf g=\mathbf S/c^2\)."
sr.poynting_vector.q2,sr.poynting_vector,20,,short_answer,How is electromagnetic momentum density related to the Poynting vector?,"The field momentum density is
\[ \mathbf g=\frac{\mathbf S}{c^2}. \]
Relativity ties energy flow to momentum density, so electromagnetic energy moving through space also carries momentum."
sr.poynting_vector.q3,sr.poynting_vector,30,,calculation,"Take units where \(1/\mu_0=1\). If \(\mathbf E=(0,3,0)\) and \(\mathbf B=(0,0,2)\), compute \(\mathbf S=\mathbf E\times\mathbf B\).","Compute the cross product:
\[ (0,3,0)\times(0,0,2)=(6,0,0). \]
So
\[ \mathbf S=(6,0,0). \]
The energy flux points in the positive \(x\) direction."
sr.em_stress_energy.q1,sr.em_stress_energy,10,,multiple_choice,"Why is the electromagnetic stress-energy tensor richer than just a number for field energy density?

A. It is only a gauge parameter
B. It also includes momentum density, energy flux, and stresses
C. It contains no information about magnetic fields
D. It replaces Lorentz transformations","B. The electromagnetic stress-energy tensor collects several related quantities.

It includes energy density, momentum density, energy flux, and stresses, all arranged in one relativistic tensor."
sr.em_stress_energy.q2,sr.em_stress_energy,20,,short_answer,Why is the stress-energy tensor more than just an energy density?,"A field can store energy, carry momentum, transport energy from place to place, and exert stresses across surfaces. The different components of \(T^{\mu\nu}\) keep track of all this local energy-momentum bookkeeping, not just the amount of energy per volume."
sr.em_stress_energy.q3,sr.em_stress_energy,30,,short_answer,"For a simple plane wave, suppose the energy density is \(u=5\,\mathrm{J\,m^{-3}}\). The radiation pressure on a perfectly absorbing surface is \(P=u\). What pressure does the wave exert in this simplified case?","Using the given relation for a perfectly absorbing surface,
\[ P=u=5\,\mathrm{Pa}. \]
This illustrates the stress part of the stress-energy tensor: electromagnetic fields can exert pressure because they carry momentum."
sr.energy_momentum_tensor.q1,sr.energy_momentum_tensor,10,,short_answer,"A field theory has symmetry under spacetime translations. Which tensor is the natural bookkeeping object for the conserved flow associated with that symmetry?

A. The energy-momentum tensor \(T^{\mu
u}\)
B. The scalar potential \(\phi\) alone
C. The light cone
D. The Lorenz gauge condition","A. The energy-momentum tensor \(T^{\mu
u}\) describes density and flow of energy and momentum.

It is the natural object associated with spacetime-translation conservation laws."
sr.energy_momentum_tensor.q2,sr.energy_momentum_tensor,20,,short_answer,How is Noether's theorem connected to the energy-momentum tensor?,Noether's theorem links continuous symmetries of the action to conserved quantities. Spacetime translation symmetry gives conserved currents associated with energy and momentum. These currents are assembled into the energy-momentum tensor \(T^{\mu\nu}\).
sr.energy_momentum_tensor.q3,sr.energy_momentum_tensor,30,,short_answer,"In a one-dimensional energy-flow model, local conservation is
\[ \frac{\partial u}{\partial t}+\frac{\partial S}{\partial x}=0. \]
If \(\partial S/\partial x=4\,\mathrm{J\,m^{-3}\,s^{-1}}\), what is \(\partial u/\partial t\)?","Rearrange the conservation equation:
\[ \frac{\partial u}{\partial t}=-\frac{\partial S}{\partial x}. \]
Therefore
\[ \frac{\partial u}{\partial t}=-4\,\mathrm{J\,m^{-3}\,s^{-1}}. \]
Energy density is decreasing locally because there is net outward energy flux."
sr.electromagnetic_waves.q1,sr.electromagnetic_waves,10,,multiple_choice,"In a source-free electromagnetic wave, \(\mathbf E\), \(\mathbf B\), and the propagation direction form a mutually perpendicular triad. Which direction is picked out by \(\mathbf E\times\mathbf B\)?

A. The direction opposite the electric field
B. The direction of proper time
C. The direction of energy propagation
D. The direction of gauge transformation","C. The vector \(\mathbf E\times\mathbf B\) points in the direction of electromagnetic energy flow.

For a plane wave, that is the propagation direction, matching the direction of the Poynting vector."
sr.electromagnetic_waves.q2,sr.electromagnetic_waves,20,,short_answer,"In a plane electromagnetic wave, how are \(\mathbf E\), \(\mathbf B\), and the propagation direction related?","They are mutually perpendicular. The energy-flow direction is given by the Poynting vector
\[ \mathbf S\propto \mathbf E\times\mathbf B, \]
which points along the propagation direction."
sr.electromagnetic_waves.q3,sr.electromagnetic_waves,30,,short_answer,A plane wave has \(\mathbf E\) along \(+y\) and \(\mathbf B\) along \(+z\). In which direction does it propagate?,"The propagation direction follows \(\mathbf E\times\mathbf B\). Using the right-hand rule,
\[ \hat y\times\hat z=\hat x. \]
So the wave propagates in the \(+x\) direction."
sr.wave_equation.q1,sr.wave_equation,10,,multiple_choice,"A source-free component of the electromagnetic potential has disturbances that propagate at speed \(c\). Which compact relativistic equation expresses that wave behaviour?

A. \(p_\mu p^\mu=m^2c^2\)
B. \(\partial_\mu j^\mu=0\)
C. \(F_{\mu\nu}=\partial_\mu A_\nu-\partial_\nu A_\mu\)
D. \(\Box A^\mu=0\)","D. In source-free regions and a suitable gauge, the potential satisfies
\[ \Box A^\mu=0. \]
The d'Alembertian \(\Box\) is the relativistic wave operator."
sr.wave_equation.q2,sr.wave_equation,20,,short_answer,How does the Lorenz gauge help produce a wave equation for the electromagnetic potential?,"Writing the electromagnetic field in terms of \(A^\mu\) and imposing the Lorenz gauge \(\partial_\mu A^\mu=0\) simplifies Maxwell's equations to a wave-equation form for the potential, schematically
\[ \Box A^\mu=\mu_0j^\mu. \]
In source-free regions this becomes \(\Box A^\mu=0\)."
sr.wave_equation.q3,sr.wave_equation,30,,short_answer,"A source-free plane wave satisfies \(\omega=ck\). If \(k=2.0\,\mathrm{m^{-1}}\) and \(c=3.0\times10^8\,\mathrm{m\,s^{-1}}\), what is \(\omega\)?","Use \(\omega=ck\):
\[ \omega=(3.0\times10^8)(2.0)=6.0\times10^8\,\mathrm{s^{-1}}. \]
This is the angular frequency for the source-free wave."
sr.radiation_reaction.q1,sr.radiation_reaction,10,,multiple_choice,"An accelerating charge emits radiation and later moves differently because energy-momentum has been carried away. What effect is this pointing to?

A. Gauge fixing
B. Radiation reaction
C. Metric signature
D. Relativity of simultaneity","B. This is radiation reaction.

The charge's own emitted electromagnetic radiation carries energy and momentum, producing a subtle back-reaction on the charge's motion."
sr.radiation_reaction.q2,sr.radiation_reaction,20,,short_answer,Why is radiation reaction conceptually difficult?,"The charge is affected by the field it creates. The ordinary Lorentz force describes how an external field acts on a charge, but an accelerating charge radiates, and conservation of energy-momentum requires the particle's motion to reflect the radiated loss. Treating this self-interaction consistently is subtle."
sr.radiation_reaction.q3,sr.radiation_reaction,30,,short_answer,"A driven charge radiates power \(P=2\,\mathrm W\) for \(5\,\mathrm s\). How much energy is carried away by radiation, and what does radiation reaction say qualitatively about the particle's motion?","The radiated energy is
\[ E=Pt=2\times5=10\,\mathrm J. \]
Radiation reaction says this energy-momentum loss cannot be ignored: the particle's motion must include a back-reaction correction beyond the applied external Lorentz force."
sr.lorentz_invariance.q1,sr.lorentz_invariance,10,,multiple_choice,"A proposed law gives different physical predictions after the same situation is rewritten in another inertial frame. What principle has probably been violated?

A. Lorentz invariance
B. Charge quantisation
C. Gauge fixing
D. The definition of canonical momentum","A. Lorentz invariance requires physical laws to keep the same form under Lorentz transformations.

Coordinates and components may change, but the physical content of the law should not depend on the inertial frame used."
sr.lorentz_invariance.q2,sr.lorentz_invariance,20,,short_answer,Why does tensor notation help express Lorentz invariance?,"Tensor notation tracks how objects transform. If both sides of an equation are tensors of the same type, the equation keeps its form under Lorentz transformations. Invariant contractions, such as \(p_\mu p^\mu\), give observer-independent scalars."
sr.lorentz_invariance.q3,sr.lorentz_invariance,30,,calculation,"Two observers describe a four-momentum with different components, but both compute \(p_\mu p^\mu=4c^2\). What invariant mass do they infer?","For a massive particle,
\[ p_\mu p^\mu=m^2c^2. \]
If
\[ p_\mu p^\mu=4c^2, \]
then
\[ m^2=4, \qquad m=2. \]
Both observers infer the same invariant mass, even if their energy and momentum components differ."
sr.gauge_fixing.q1,sr.gauge_fixing,10,,short_answer,"Why can choosing the Lorenz gauge simplify calculations without changing the electromagnetic physics?

A. It sets the speed of light to one
B. It makes \(F_{\mu
u}\) frame-dependent
C. It selects one representative potential from a gauge-equivalent family
D. It removes charge conservation","C. Gauge fixing chooses one convenient representative from a family of potentials that describe the same field tensor.

The physical electromagnetic field is unchanged; the description is made less redundant."
sr.gauge_fixing.q2,sr.gauge_fixing,20,,short_answer,Why is gauge fixing not an extra physical assumption about the electromagnetic field?,"Gauge-equivalent potentials describe the same \(F_{\mu\nu}\). A gauge condition selects a convenient representative from that equivalence class. The physical field tensor remains unchanged, so the gauge choice is a description choice rather than a new physical force or field."
sr.gauge_fixing.q3,sr.gauge_fixing,30,,short_answer,"A gauge condition leaves two possible representatives, \(A_1\) and \(A_2\), with the same field tensor \(F_{\mu\nu}\). If a calculation depends only on \(F_{\mu\nu}\), should it give different physical results for \(A_1\) and \(A_2\)? Explain.","No. If \(A_1\) and \(A_2\) give the same \(F_{\mu\nu}\), and the calculation depends only on \(F_{\mu\nu}\), then the physical result is the same. Gauge fixing should simplify the description, not change gauge-invariant physics."
